,COUNTRY,YEAR,AVG,FAVG,MAVG,GBIRTHRT,GDEATHRT,GROW,GDP
0,Albania,2001,3060169.0,,,17.4,5.2,-6302.0,4385.8
1,Albania,2002,3051006.0,1529372.0,1521634.0,13.9,5.3,-12025.0,4612.4
2,Albania,2003,3039612.0,1523331.0,1516282.0,14.9,5.9,-10762.0,4928.6
3,Albania,2004,3026933.0,1516613.0,1510320.0,13.5,5.9,-14597.0,5777.8
4,Albania,2005,3011482.0,1508357.0,1503125.0,12.9,5.7,-16305.0,6475.3
5,Albania,2006,2992542.0,1498204.0,1494338.0,12.0,5.6,-21574.0,7090.8
6,Albania,2007,2970011.0,1486399.0,1483612.0,11.6,4.9,-23489.0,7809.8
7,Albania,2008,2947311.0,1474647.0,1472664.0,11.3,5.4,-21911.0,8800.3
8,Albania,2009,2927515.0,1463980.0,1463535.0,11.7,7.0,-17681.0,8662.2
9,Albania,2010,2913018.0,1455358.0,1457660.0,11.7,6.9,-11313.0,8996.6
10,Albania,2011,2905185.0,1447963.0,1457222.0,11.8,6.9,-4353.0,9268.3
11,Albania,2012,2900389.0,1440714.0,1459676.0,12.2,7.2,-5238.0,9585.8
12,Albania,2013,2895082.0,1434010.0,1461072.0,12.3,7.1,-5376.0,9625.4
13,Albania,2014,2889095.0,1427712.0,1461383.0,12.4,7.1,-6598.0,9968.6
14,Albania,2015,2880694.0,1420869.0,1459825.0,11.4,7.8,-10204.0,10264.1
15,Albania,2016,2876092.0,1420096.0,1455996.0,11.0,7.4,999.0,10719.9
16,Albania,2017,2873458.0,1427383.0,1446075.0,10.7,7.7,-6267.0,11559.0
17,Albania,2018,2866376.0,1432274.0,1434102.0,10.1,7.6,-7897.0,12828.1
18,Albania,2019,2854191.0,1429088.0,1425104.0,10.0,7.7,-16472.0,13754.2
19,Albania,2020,2837848.0,1422551.0,1415298.0,9.9,9.7,-16214.0,13310.4
20,Albania,2021,2811667.0,,,9.7,10.9,-36149.0,15157.4
21,Albania,2022,2777689.0,,,8.9,8.6,-31807.0,17939.7
22,Austria,2001,8042293.0,4148374.0,3893919.0,9.4,9.3,42694.0,220525.1
23,Austria,2002,8081957.0,4163790.0,3918167.0,9.7,9.4,36633.0,226735.2
24,Austria,2003,8121423.0,4180324.0,3941100.0,9.5,9.5,42300.0,231862.5
25,Austria,2004,8171966.0,4203233.0,3968733.0,9.7,9.1,58786.0,242348.3
26,Austria,2005,8227829.0,4228224.0,3999605.0,9.5,9.1,52939.0,254075.0
27,Austria,2006,8268641.0,4246438.0,4022203.0,9.4,9.0,28686.0,267824.5
28,Austria,2007,8295487.0,4259211.0,4036276.0,9.2,9.0,25005.0,283978.0
29,Austria,2008,8321496.0,4271784.0,4049712.0,9.3,9.0,27014.0,293761.9
30,Austria,2009,8343323.0,4281755.0,4061568.0,9.2,9.3,16640.0,288044.0
31,Austria,2010,8363404.0,4290868.0,4072536.0,9.4,9.2,23521.0,295896.6
32,Austria,2011,8391643.0,4303135.0,4088508.0,9.3,9.1,32957.0,310128.7
33,Austria,2012,8429991.0,4319108.0,4110883.0,9.4,9.4,43739.0,318653.0
34,Austria,2013,8479823.0,4340343.0,4139481.0,9.4,9.4,55926.0,323910.2
35,Austria,2014,8546356.0,4368488.0,4177868.0,9.6,9.2,77140.0,333146.1
36,Austria,2015,8642699.0,4406224.0,4236475.0,9.8,9.6,115545.0,344269.2
37,Austria,2016,8736668.0,4444171.0,4292497.0,10.0,9.2,72394.0,357608.0
38,Austria,2017,8797566.0,4472087.0,4325480.0,10.0,9.5,49402.0,369361.9
39,Austria,2018,8840521.0,4492746.0,4347776.0,9.7,9.5,36508.0,385274.1
40,Austria,2019,8879920.0,4512017.0,4367903.0,9.6,9.4,42289.0,397169.5
41,Austria,2020,8916864.0,4529002.0,4387862.0,9.4,10.3,31600.0,381042.5
42,Austria,2021,8955797.0,4544578.0,4411219.0,9.6,10.3,46265.0,406148.7
43,Austria,2022,9041851.0,,,9.1,10.3,125843.0,447061.9
44,Belgium,2001,10286570.0,5256416.0,5030154.0,11.2,10.1,46311.0,264334.9
45,Belgium,2002,10332785.0,5278198.0,5054587.0,10.9,10.2,46119.0,273255.9
46,Belgium,2003,10376133.0,5299102.0,5077031.0,11.0,10.3,40577.0,281200.2
47,Belgium,2004,10421137.0,5321886.0,5099251.0,11.3,9.7,49431.0,296819.7
48,Belgium,2005,10478617.0,5351044.0,5127573.0,11.4,9.9,65530.0,310037.6
49,Belgium,2006,10547958.0,5385344.0,5162615.0,11.6,9.6,73152.0,325151.5
50,Belgium,2007,10625700.0,5422842.0,5202859.0,11.7,9.5,82332.0,343618.9
51,Belgium,2008,10709973.0,5463493.0,5246480.0,11.9,9.8,86214.0,351743.1
52,Belgium,2009,10796493.0,5506057.0,5290436.0,11.8,9.6,86825.0,346472.8
53,Belgium,2010,10895586.0,5554358.0,5341228.0,11.9,9.7,111361.0,363140.1
54,Belgium,2011,11038264.0,5617261.0,5421003.0,11.7,9.4,75251.0,375967.8
55,Belgium,2012,11106932.0,5650360.0,5456572.0,11.5,9.8,62085.0,386174.7
56,Belgium,2013,11159407.0,5676083.0,5483324.0,11.3,9.8,42866.0,392880.0
57,Belgium,2014,11209057.0,5700127.0,5508930.0,11.2,9.3,56434.0,403003.3
58,Belgium,2015,11274196.0,5727530.0,5546666.0,10.8,9.8,73843.0,416701.4
59,Belgium,2016,11331422.0,5752154.0,5579268.0,10.8,9.5,40610.0,430085.3
60,Belgium,2017,11375158.0,5773413.0,5601745.0,10.5,9.6,46862.0,445050.1
61,Belgium,2018,11427054.0,5797532.0,5629522.0,10.4,9.7,56930.0,460050.8
62,Belgium,2019,11488980.0,5825954.0,5663026.0,10.2,9.5,66921.0,478676.1
63,Belgium,2020,11538604.0,5847754.0,5690850.0,9.9,11.0,32327.0,459827.4
64,Belgium,2021,11586195.0,5869136.0,5717060.0,10.2,9.7,62856.0,502521.1
65,Belgium,2022,11685814.0,,,9.8,10.0,136381.0,549456.2
66,Bosnia and Herzegovina,2001,3801442.0,1938736.0,1862707.0,9.9,8.0,23450.0,6482.2
67,Bosnia and Herzegovina,2002,3821758.0,1949097.0,1872662.0,9.5,8.1,17182.0,7149.1
68,Bosnia and Herzegovina,2003,3833882.0,1955280.0,1878602.0,9.2,8.3,7065.0,7530.3
69,Bosnia and Herzegovina,2004,3839973.0,1958387.0,1881587.0,8.9,8.3,5118.0,8179.7
70,Bosnia and Herzegovina,2005,3842591.0,1959722.0,1882870.0,9.0,9.0,118.0,9024.5
71,Bosnia and Herzegovina,2006,3843334.0,1960101.0,1883233.0,8.9,8.6,1367.0,10255.1
72,Bosnia and Herzegovina,2007,3843932.0,1960405.0,1883527.0,8.8,9.1,-171.0,11528.5
73,Bosnia and Herzegovina,2008,3843922.0,1963174.0,1880749.0,8.9,8.9,152.0,13047.8
74,Bosnia and Herzegovina,2009,3844022.0,1965999.0,1878024.0,9.0,9.1,48.0,12679.3
75,Bosnia and Herzegovina,2010,3843615.0,1965856.0,1877759.0,8.7,9.1,-863.0,12968.9
76,Bosnia and Herzegovina,2011,3841224.0,1964678.0,1876546.0,8.3,9.2,-3918.0,13411.8
77,Bosnia and Herzegovina,2012,3837455.0,1962848.0,1874608.0,8.4,9.3,-3620.0,13407.5
78,Bosnia and Herzegovina,2013,3833278.0,,,8.0,9.3,-4734.0,13691.8
79,Bosnia and Herzegovina,2014,3828123.0,,,7.6,9.1,-5577.0,13988.3
80,Bosnia and Herzegovina,2015,3670658.0,,,,,-309352.0,14791.1
81,Bosnia and Herzegovina,2016,3512855.0,,,8.3,10.1,-6254.0,15474.3
82,Bosnia and Herzegovina,2017,3505012.0,,,8.3,10.4,-9433.0,16260.5
83,Bosnia and Herzegovina,2018,3496157.0,,,8.4,10.8,-8277.0,17354.2
84,Bulgaria,2001,8009142.0,4108861.0,3900281.0,8.5,14.0,-280653.0,15905.3
85,Bulgaria,2002,7837161.0,4019484.0,3817677.0,8.5,14.4,-63309.0,17478.3
86,Bulgaria,2003,7775327.0,3988156.0,3787171.0,8.7,14.4,-60359.0,18798.3
87,Bulgaria,2004,7716860.0,3958736.0,3758124.0,9.1,14.3,-56574.0,21093.2
88,Bulgaria,2005,7658972.0,3929605.0,3729367.0,9.3,14.8,-59202.0,24039.9
89,Bulgaria,2006,7601022.0,3900426.0,3700597.0,9.7,14.9,-56698.0,27410.0
90,Bulgaria,2007,7545338.0,3871865.0,3673473.0,10.0,15.0,-54671.0,32464.7
91,Bulgaria,2008,7492561.0,3844450.0,3648111.0,10.4,14.8,-50883.0,37246.7
92,Bulgaria,2009,7444443.0,3819536.0,3624907.0,10.9,14.5,-45353.0,37417.7
93,Bulgaria,2010,7395599.0,3794157.0,3601442.0,10.2,14.9,-52335.0,38284.9
94,Bulgaria,2011,7348328.0,3770481.0,3577847.0,9.6,14.7,-42207.0,41478.9
95,Bulgaria,2012,7305888.0,3749968.0,3555920.0,9.5,15.0,-42672.0,42256.8
96,Bulgaria,2013,7265115.0,3730106.0,3535009.0,9.2,14.4,-38875.0,42050.2
97,Bulgaria,2014,7223938.0,3710458.0,3513480.0,9.4,15.1,-43479.0,43026.0
98,Bulgaria,2015,7177991.0,3688395.0,3489596.0,9.2,15.3,-48414.0,45812.3
99,Bulgaria,2016,7127822.0,3664244.0,3463578.0,9.1,15.1,-51925.0,48773.1
100,Bulgaria,2017,7075947.0,3639753.0,3436194.0,9.0,15.5,-51825.0,52531.3
101,Bulgaria,2018,7025037.0,3615982.0,3409055.0,8.9,15.4,-49995.0,56224.8
102,Bulgaria,2019,6975761.0,3593087.0,3382674.0,8.8,15.5,-48557.0,61558.5
103,Bulgaria,2020,6934015.0,3574335.0,3359681.0,8.5,18.0,-34934.0,61638.9
104,Bulgaria,2021,6877743.0,3547230.0,3330513.0,8.5,21.7,-77611.0,71077.0
105,Bulgaria,2022,6465097.0,,,8.8,18.4,-34774.0,84560.6
106,Croatia,2001,4300450.0,2233888.0,2066562.0,9.5,11.5,10088.0,25931.7
107,Croatia,2002,4305439.0,2236733.0,2068706.0,9.3,11.7,-110.0,28761.2
108,Croatia,2003,4305555.0,2236942.0,2068613.0,9.2,12.2,341.0,31025.7
109,Croatia,2004,4308293.0,2237732.0,2070561.0,9.4,11.5,5136.0,33818.0
110,Croatia,2005,4311674.0,2238567.0,2073107.0,9.9,12.0,1626.0,36845.2
111,Croatia,2006,4313009.0,2237952.0,2075057.0,9.6,11.7,1043.0,40579.3
112,Croatia,2007,4312749.0,2236164.0,2076585.0,9.7,12.1,-1563.0,44335.5
113,Croatia,2008,4310882.0,2234004.0,2076878.0,10.1,12.1,-2171.0,48465.2
114,Croatia,2009,4306322.0,2230613.0,2075709.0,10.4,12.2,-6949.0,45586.2
115,Croatia,2010,4296352.0,2224651.0,2071702.0,10.1,12.1,-12990.0,45763.6
116,Croatia,2011,4282921.0,2217390.0,2065531.0,9.6,11.9,-13873.0,45549.9
117,Croatia,2012,4269062.0,2209666.0,2059396.0,9.8,12.1,-13844.0,44621.2
118,Croatia,2013,4254475.0,2201359.0,2053116.0,9.4,11.8,-15331.0,44437.1
119,Croatia,2014,4236063.0,2191575.0,2044488.0,9.3,12.0,-21493.0,43989.1
120,Croatia,2015,4207993.0,2176981.0,2031012.0,8.9,12.9,-34647.0,45257.9
121,Croatia,2016,4172441.0,2158438.0,2014004.0,9.0,12.4,-36456.0,47338.7
122,Croatia,2017,4129853.0,2136349.0,1993505.0,8.9,12.9,-48720.0,49985.9
123,Croatia,2018,4090870.0,2113684.0,1977186.0,9.0,12.9,-29247.0,52747.2
124,Croatia,2019,4067206.0,2095095.0,1972111.0,8.9,12.7,-18081.0,55644.4
125,Croatia,2020,4047260.0,2078970.0,1968290.0,8.9,14.1,-21810.0,50450.9
126,Croatia,2021,3949330.0,2035719.0,1913612.0,9.2,15.9,-174050.0,58290.9
127,Croatia,2022,3856600.0,,,8.8,14.8,-11411.0,66939.0
128,Cyprus,2001,701544.0,357079.0,344465.0,11.6,6.9,7990.0,11602.9
129,Cyprus,2002,709630.0,361472.0,348158.0,11.1,7.3,8181.0,12082.9
130,Cyprus,2003,718307.0,365957.0,352350.0,11.3,7.2,9173.0,12871.3
131,Cyprus,2004,727980.0,371039.0,356942.0,11.4,7.2,10174.0,13938.0
132,Cyprus,2005,738540.0,376589.0,361952.0,11.2,7.3,10946.0,15039.3
133,Cyprus,2006,750965.0,382917.0,368048.0,11.6,6.8,13903.0,16263.8
134,Cyprus,2007,767125.0,391139.0,375986.0,11.2,7.0,18417.0,17591.0
135,Cyprus,2008,786632.0,401440.0,385192.0,11.7,6.6,20597.0,19009.6
136,Cyprus,2009,808035.0,413270.0,394766.0,11.9,6.4,22210.0,18675.5
137,Cyprus,2010,829446.0,425264.0,404182.0,11.8,6.2,20611.0,19461.1
138,Cyprus,2011,850881.0,437006.0,413876.0,11.3,6.5,22260.0,19858.1
139,Cyprus,2012,863945.0,443930.0,420015.0,11.8,6.6,3867.0,19495.4
140,Cyprus,2013,861939.0,442652.0,419287.0,10.8,6.0,-7878.0,18040.3
141,Cyprus,2014,852504.0,437823.0,414682.0,10.9,6.4,-10992.0,17482.8
142,Cyprus,2015,847664.0,435405.0,412259.0,10.8,6.9,1311.0,17944.2
143,Cyprus,2016,851561.0,436883.0,414678.0,11.1,6.4,6483.0,19013.8
144,Cyprus,2017,859519.0,440434.0,419086.0,10.7,7.0,9434.0,20312.4
145,Cyprus,2018,870068.0,445398.0,424670.0,10.7,6.6,11663.0,21674.0
146,Cyprus,2019,881952.0,450801.0,431151.0,10.8,7.1,12106.0,23176.5
147,Cyprus,2020,892006.0,455946.0,436061.0,11.1,7.2,8002.0,21896.5
148,Cyprus,2021,900356.0,460990.0,439367.0,11.4,8.0,8698.0,24019.0
149,Cyprus,2022,912703.0,,,11.1,7.9,15996.0,27006.4
150,Czech Republic,2001,10216605.0,5242669.0,4973936.0,8.9,10.5,-30845.0,75705.2
151,Czech Republic,2002,10196916.0,5233310.0,4963606.0,9.1,10.6,-8533.0,87358.2
152,Czech Republic,2003,10193998.0,5229578.0,4964421.0,9.2,10.9,2698.0,88659.5
153,Czech Republic,2004,10197101.0,5228202.0,4968899.0,9.6,10.5,3508.0,96554.1
154,Czech Republic,2005,10211216.0,5231062.0,4980154.0,10.0,10.6,24722.0,110321.7
155,Czech Republic,2006,10238905.0,5238782.0,5000124.0,10.3,10.2,30656.0,124581.2
156,Czech Republic,2007,10298828.0,5260972.0,5037856.0,11.1,10.2,89189.0,139002.1
157,Czech Republic,2008,10384603.0,5293705.0,5090898.0,11.5,10.1,82361.0,162064.5
158,Czech Republic,2009,10443936.0,5317514.0,5126422.0,11.3,10.3,36305.0,149586.5
159,Czech Republic,2010,10474410.0,5332711.0,5141699.0,11.2,10.2,24643.0,157920.8
160,Czech Republic,2011,10496088.0,5343368.0,5152721.0,10.4,10.2,18714.0,165202.2
161,Czech Republic,2012,10510785.0,5349506.0,5161280.0,10.3,10.3,10680.0,162587.5
162,Czech Republic,2013,10514272.0,5350908.0,5163365.0,10.2,10.4,-3706.0,159461.5
163,Czech Republic,2014,10525347.0,5355694.0,5169654.0,10.4,10.0,25856.0,157821.3
164,Czech Republic,2015,10546059.0,5364431.0,5181629.0,10.5,10.5,15568.0,169558.2
165,Czech Republic,2016,10566332.0,5372823.0,5193509.0,10.7,10.2,24977.0,177438.5
166,Czech Republic,2017,10594438.0,5384199.0,5210239.0,10.8,10.5,31235.0,194132.9
167,Czech Republic,2018,10629928.0,5397935.0,5231993.0,10.7,10.6,39745.0,210970.5
168,Czech Republic,2019,10671870.0,5413775.0,5258095.0,10.5,10.5,44139.0,225613.5
169,Czech Republic,2020,10697858.0,5424309.0,5273550.0,10.3,12.1,7838.0,215805.4
170,Czech Republic,2021,10505772.0,5328433.0,5177339.0,10.6,13.3,21871.0,238249.5
171,Czech Republic,2022,10672118.0,,,9.5,11.3,310822.0,276229.4
172,Denmark,2001,5358783.0,2709551.0,2649233.0,12.2,10.9,19142.0,184045.6
173,Denmark,2002,5375931.0,2717646.0,2658285.0,11.9,10.9,15153.0,189794.9
174,Denmark,2003,5390574.0,2724295.0,2666279.0,12.0,10.7,14133.0,193353.4
175,Denmark,2004,5404523.0,2730809.0,2673714.0,12.0,10.3,13765.0,202422.2
176,Denmark,2005,5419432.0,2737863.0,2681569.0,11.9,10.1,16054.0,212832.4
177,Denmark,2006,5437272.0,2746018.0,2691254.0,12.0,10.2,19625.0,225531.3
178,Denmark,2007,5461438.0,2756774.0,2704664.0,11.7,10.2,28707.0,233383.3
179,Denmark,2008,5493621.0,2771278.0,2722343.0,11.8,9.9,35660.0,241613.5
180,Denmark,2009,5523095.0,2785442.0,2737653.0,11.4,9.9,23287.0,231278.0
181,Denmark,2010,5547683.0,2797749.0,2749934.0,11.4,9.8,25890.0,243165.4
182,Denmark,2011,5570572.0,2808893.0,2761679.0,10.6,9.4,19888.0,247879.9
183,Denmark,2012,5591572.0,2818758.0,2772814.0,10.4,9.4,22112.0,254578.0
184,Denmark,2013,5614932.0,2829366.0,2785566.0,10.0,9.3,24607.0,258742.7
185,Denmark,2014,5643475.0,2841829.0,2801647.0,10.1,9.1,32480.0,265757.0
186,Denmark,2015,5683483.0,2859033.0,2824451.0,10.2,9.2,47536.0,273017.6
187,Denmark,2016,5728010.0,2878978.0,2849033.0,10.8,9.2,41518.0,283109.7
188,Denmark,2017,5764980.0,2896654.0,2868326.0,10.6,9.2,32421.0,294808.2
189,Denmark,2018,5793636.0,2910863.0,2882773.0,10.6,9.5,24891.0,302328.7
190,Denmark,2019,5814422.0,2921427.0,2892996.0,10.5,9.3,16682.0,309526.4
191,Denmark,2020,5831404.0,2930517.0,2900888.0,10.4,9.4,17282.0,311356.3
192,Denmark,2021,5856733.0,2942847.0,2913886.0,10.8,9.8,33375.0,342961.7
193,Denmark,2022,5903037.0,,,9.9,10.1,59234.0,380617.8
194,Estonia,2001,1388115.0,741430.0,646685.0,9.1,13.3,-9210.0,6987.1
195,Estonia,2002,1379350.0,737205.0,642145.0,9.4,13.3,-8320.0,7822.6
196,Estonia,2003,1370720.0,733000.0,637720.0,9.5,13.2,-8940.0,8744.4
197,Estonia,2004,1362550.0,728970.0,633580.0,10.3,13.0,-7400.0,9777.5
198,Estonia,2005,1354775.0,724955.0,629820.0,10.6,12.8,-8150.0,11343.3
199,Estonia,2006,1346810.0,720715.0,626095.0,11.0,12.9,-7780.0,13568.9
200,Estonia,2007,1340680.0,717525.0,623155.0,11.8,13.0,-4480.0,16401.3
201,Estonia,2008,1337090.0,715405.0,621685.0,12.0,12.5,-2700.0,16618.1
202,Estonia,2009,1334515.0,713455.0,621060.0,11.8,12.1,-2450.0,14131.9
203,Estonia,2010,1331475.0,711225.0,620250.0,11.9,11.9,-3630.0,14741.1
204,Estonia,2011,1327439.0,708520.0,618919.0,11.1,11.5,-4443.0,16677.3
205,Estonia,2012,1322696.0,705543.0,617153.0,10.6,11.7,-5043.0,17916.7
206,Estonia,2013,1317997.0,702454.0,615543.0,10.3,11.6,-4355.0,18910.8
207,Estonia,2014,1314545.0,699891.0,614654.0,10.3,11.8,-2548.0,20048.2
208,Estonia,2015,1315407.0,699701.0,615706.0,10.6,11.6,1074.0,20631.4
209,Estonia,2016,1315790.0,698667.0,617123.0,10.7,11.7,-309.0,21747.9
210,Estonia,2017,1317384.0,698073.0,619311.0,10.5,11.8,3498.0,23833.6
211,Estonia,2018,1321977.0,698617.0,623360.0,10.9,11.9,5687.0,25932.2
212,Estonia,2019,1326898.0,699442.0,627456.0,10.6,11.6,4156.0,27764.7
213,Estonia,2020,1329522.0,699426.0,630096.0,9.9,11.9,1092.0,27465.0
214,Estonia,2021,1330932.0,698767.0,632165.0,10.0,14.0,1728.0,31444.9
215,Estonia,2022,1348840.0,,,8.6,12.8,34088.0,36181.4
216,Finland,2001,5188008.0,2654539.0,2533469.0,10.8,9.4,13786.0,144628.0
217,Finland,2002,5200598.0,2659342.0,2541257.0,10.7,9.5,11394.0,148486.0
218,Finland,2003,5213014.0,2664109.0,2548905.0,10.9,9.4,13437.0,151749.0
219,Finland,2004,5228172.0,2670687.0,2557485.0,11.0,9.1,16879.0,158758.0
220,Finland,2005,5246096.0,2678882.0,2567214.0,11.0,9.1,18969.0,164687.0
221,Finland,2006,5266268.0,2688222.0,2578046.0,11.2,9.1,21375.0,172897.0
222,Finland,2007,5288720.0,2698455.0,2590265.0,11.1,9.3,23529.0,187072.0
223,Finland,2008,5313399.0,2709179.0,2604220.0,11.2,9.2,25830.0,194265.0
224,Finland,2009,5338871.0,2720511.0,2618360.0,11.3,9.3,25113.0,181747.0
225,Finland,2010,5363352.0,2731610.0,2631742.0,11.4,9.5,23849.0,188143.0
226,Finland,2011,5388272.0,2742797.0,2645475.0,11.1,9.4,25991.0,197998.0
227,Finland,2012,5413971.0,2754393.0,2659578.0,11.0,9.6,25407.0,201037.0
228,Finland,2013,5438972.0,2765479.0,2673493.0,10.7,9.5,24596.0,204321.0
229,Finland,2014,5461512.0,2775398.0,2686114.0,10.5,9.6,20483.0,206897.0
230,Finland,2015,5479531.0,2782854.0,2696677.0,10.1,9.6,15555.0,211385.0
231,Finland,2016,5495303.0,2788394.0,2706909.0,9.6,9.8,15989.0,217518.0
232,Finland,2017,5508214.0,2792485.0,2715729.0,9.1,9.8,9833.0,226301.0
233,Finland,2018,5515525.0,2794314.0,2721211.0,8.6,9.9,4789.0,233462.0
234,Finland,2019,5521606.0,2795830.0,2725776.0,8.3,9.8,7373.0,239858.0
235,Finland,2020,5529543.0,2798508.0,2731035.0,8.4,10.0,8501.0,238038.0
236,Finland,2021,5541017.0,2802563.0,2738455.0,9.0,10.4,14448.0,250920.0
237,Finland,2022,5556106.0,,,8.1,11.4,15729.0,268650.0
238,France,2001,61201676.0,31523457.0,29678219.0,13.1,8.8,444721.0,1538200.0
239,France,2002,61644062.0,31766706.0,29877356.0,12.9,8.8,440052.0,1587829.0
240,France,2003,62078165.0,32004021.0,30074144.0,12.8,9.1,428153.0,1630666.0
241,France,2004,62532556.0,32253781.0,30278775.0,12.8,8.3,480629.0,1704019.0
242,France,2005,63001253.0,32512772.0,30488481.0,12.8,8.5,456765.0,1765905.0
243,France,2006,63437350.0,32740184.0,30697167.0,13.1,8.3,415430.0,1848151.0
244,France,2007,63826129.0,32934398.0,30891732.0,12.8,8.3,362128.0,1941360.0
245,France,2008,64178710.0,33114605.0,31064105.0,12.9,8.5,343033.0,1992380.0
246,France,2009,64504541.0,33279670.0,31224872.0,12.8,8.5,308630.0,1936422.0
247,France,2010,64818789.0,33436456.0,31382333.0,12.9,8.5,319865.0,1995289.0
248,France,2011,65127852.0,33593710.0,31534143.0,12.7,8.4,298262.0,2058369.0
249,France,2012,65438667.0,33749643.0,31689024.0,12.6,8.7,323367.0,2088804.0
250,France,2013,65771309.0,33916678.0,31854631.0,12.4,8.7,341917.0,2117189.0
251,France,2014,66312067.0,34202373.0,32109694.0,12.4,8.4,292173.0,2149765.0
252,France,2015,66548272.0,34337450.0,32210822.0,12.0,8.9,180238.0,2198432.0
253,France,2016,66724104.0,34443235.0,32280869.0,11.8,8.9,171425.0,2234129.0
254,France,2017,66918020.0,34553729.0,32364291.0,11.5,9.1,216408.0,2297242.0
255,France,2018,67158348.0,34675563.0,32482785.0,11.3,9.1,264247.0,2363306.0
256,France,2019,67388001.0,34791715.0,32596287.0,11.2,9.1,195060.0,2437635.0
257,France,2020,67571107.0,34891818.0,32679289.0,10.9,9.9,171151.0,2317832.0
258,France,2021,67764304.0,34987639.0,32776665.0,11.0,9.8,215243.0,2502118.0
259,France,2022,67971311.0,,,10.6,9.8,198772.0,2639092.0
260,Germany,2001,82349925.0,42134319.0,40215606.0,8.9,10.1,180769.0,2172540.0
261,Germany,2002,82488495.0,42178717.0,40309778.0,8.7,10.2,96371.0,2198120.0
262,Germany,2003,82534176.0,42183729.0,40350447.0,8.6,10.3,-5009.0,2211570.0
263,Germany,2004,82516260.0,42161440.0,40354821.0,8.6,9.9,-30822.0,2262520.0
264,Germany,2005,82469422.0,42122628.0,40346794.0,8.3,10.1,-62854.0,2288310.0
265,Germany,2006,82376451.0,42055887.0,40320564.0,8.2,10.0,-123089.0,2385080.0
266,Germany,2007,82266372.0,41978643.0,40287729.0,8.3,10.1,-97069.0,2499550.0
267,Germany,2008,82110097.0,41880809.0,40229288.0,8.3,10.3,-215481.0,2546490.0
268,Germany,2009,81902307.0,41758362.0,40143945.0,8.1,10.4,-200099.0,2445730.0
269,Germany,2010,81776930.0,41668914.0,40108016.0,8.3,10.5,-50655.0,2564400.0
270,Germany,2011,80274983.0,41097709.0,39177274.0,8.3,10.6,105835.0,2693560.0
271,Germany,2012,80425823.0,41120362.0,39305462.0,8.4,10.8,195846.0,2745310.0
272,Germany,2013,80645605.0,41176655.0,39468950.0,8.5,11.1,243717.0,2811350.0
273,Germany,2014,80982500.0,41286310.0,39696190.0,8.8,10.7,430074.0,2927430.0
274,Germany,2015,81686611.0,41511821.0,40174790.0,9.0,11.3,978147.0,3026180.0
275,Germany,2016,82348669.0,41743048.0,40605621.0,9.6,11.1,345969.0,3134740.0
276,Germany,2017,82657002.0,41886661.0,40770342.0,9.5,11.3,270698.0,3267160.0
277,Germany,2018,82905782.0,42000654.0,40905128.0,9.5,11.5,226862.0,3365450.0
278,Germany,2019,83092962.0,42090810.0,41002152.0,9.4,11.3,147498.0,3474110.0
279,Germany,2020,83160871.0,42128805.0,41032066.0,9.3,11.9,-11680.0,3403730.0
280,Germany,2021,83196078.0,42149426.0,41046652.0,9.6,12.3,82093.0,3617450.0
281,Germany,2022,83797985.0,,,8.8,12.7,1121721.0,3876810.0
282,Greece,2001,10862132.0,5506585.0,5355547.0,9.4,9.4,52285.0,152193.8
283,Greece,2002,10902022.0,5514110.0,5387913.0,9.5,9.5,27496.0,163460.8
284,Greece,2003,10928070.0,5527642.0,5400428.0,9.6,9.7,24599.0,178904.9
285,Greece,2004,10955141.0,5542872.0,5412269.0,9.6,9.6,29543.0,193715.8
286,Greece,2005,10987314.0,5561388.0,5425927.0,9.8,9.6,34804.0,199242.3
287,Greece,2006,11020362.0,5582544.0,5437818.0,10.2,9.6,31292.0,217861.6
288,Greece,2007,11048473.0,5603377.0,5445096.0,10.1,9.9,24929.0,232694.6
289,Greece,2008,11077841.0,5625820.0,5452021.0,10.7,9.7,33808.0,241990.4
290,Greece,2009,11107017.0,5648537.0,5458480.0,10.6,9.8,24544.0,237534.2
291,Greece,2010,11121341.0,5664186.0,5457155.0,10.3,9.8,4103.0,224124.0
292,Greece,2011,11104899.0,5666235.0,5438664.0,9.6,10.0,-36986.0,203308.2
293,Greece,2012,11045011.0,5649943.0,5395068.0,9.1,10.6,-82791.0,188380.6
294,Greece,2013,10965211.0,5625466.0,5339745.0,8.6,10.2,-76808.0,179884.4
295,Greece,2014,10892413.0,5601598.0,5290815.0,8.5,10.4,-68789.0,177236.0
296,Greece,2015,10820883.0,5574583.0,5246300.0,8.5,11.2,-74270.0,176368.9
297,Greece,2016,10775971.0,5553227.0,5222744.0,8.6,11.0,-15555.0,174494.2
298,Greece,2017,10754679.0,5539021.0,5215659.0,8.2,11.6,-27028.0,176903.4
299,Greece,2018,10732882.0,5523716.0,5209167.0,8.1,11.2,-16566.0,179557.7
300,Greece,2019,10721582.0,5509692.0,5211891.0,7.8,11.7,-6034.0,183351.2
301,Greece,2020,10698599.0,5492831.0,5205768.0,7.9,12.2,-39933.0,165405.9
302,Greece,2021,10569207.0,5413810.0,5155398.0,8.1,13.6,-218850.0,181674.6
303,Greece,2022,10426919.0,,,7.3,13.4,-65727.0,208030.2
304,Hungary,2001,10187576.0,5343580.0,4843996.0,9.5,13.0,-25445.0,60012.9
305,Hungary,2002,10158608.0,5330890.0,4827718.0,9.5,13.1,-32491.0,71756.1
306,Hungary,2003,10129552.0,5318268.0,4811285.0,9.3,13.4,-25620.0,75427.8
307,Hungary,2004,10107146.0,5308532.0,4798614.0,9.4,13.1,-19193.0,83883.3
308,Hungary,2005,10087065.0,5298218.0,4788847.0,9.7,13.5,-20968.0,91090.4
309,Hungary,2006,10071370.0,5289541.0,4781829.0,9.9,13.1,-10423.0,92126.7
310,Hungary,2007,10055780.0,5281460.0,4774320.0,9.7,13.2,-20757.0,102414.6
311,Hungary,2008,10038188.0,5271882.0,4766306.0,9.9,13.0,-14426.0,108345.4
312,Hungary,2009,10022650.0,5262675.0,4759975.0,9.6,13.0,-16651.0,94605.6
313,Hungary,2010,10000023.0,5249623.0,4750401.0,9.0,13.0,-28602.0,99771.6
314,Hungary,2011,9971727.0,5233914.0,4734284.0,8.8,12.9,-27991.0,102152.0
315,Hungary,2012,9920362.0,5200052.0,4720310.0,9.1,13.0,-23127.0,100247.6
316,Hungary,2013,9893082.0,5183410.0,4709672.0,9.0,12.8,-31433.0,102239.7
317,Hungary,2014,9866468.0,5166883.0,4699585.0,9.5,12.8,-21794.0,106263.8
318,Hungary,2015,9843028.0,5150879.0,4692149.0,9.4,13.4,-25086.0,112791.0
319,Hungary,2016,9814023.0,5132118.0,4681905.0,9.7,13.0,-32924.0,116255.7
320,Hungary,2017,9787966.0,5114520.0,4673447.0,9.7,13.5,-19190.0,127024.7
321,Hungary,2018,9775564.0,5101852.0,4673712.0,9.6,13.4,-5615.0,136055.4
322,Hungary,2019,9771141.0,5092836.0,4678306.0,9.5,13.3,-3230.0,146554.5
323,Hungary,2020,9750149.0,5077857.0,4672292.0,9.6,14.5,-38754.0,137866.0
324,Hungary,2021,9709891.0,5055557.0,4654335.0,9.7,16.1,-41762.0,154120.1
325,Hungary,2022,9643048.0,,,9.3,14.2,-91925.0,170246.8
326,Iceland,2001,284968.0,142308.0,142660.0,14.4,6.1,3214.0,9177.3
327,Iceland,2002,287523.0,143655.0,143869.0,14.1,6.3,1896.0,9911.1
328,Iceland,2003,289521.0,144677.0,144844.0,14.3,6.3,2099.0,10118.1
329,Iceland,2004,292074.0,145788.0,146286.0,14.5,6.2,3007.0,11136.3
330,Iceland,2005,296734.0,147548.0,149186.0,14.4,6.2,6314.0,13568.0
331,Iceland,2006,303782.0,149893.0,153889.0,14.5,6.3,7781.0,13966.7
332,Iceland,2007,311566.0,152830.0,158736.0,14.6,6.2,7787.0,15827.4
333,Iceland,2008,317414.0,155932.0,161482.0,15.2,6.3,3909.0,11052.1
334,Iceland,2009,318499.0,157497.0,161002.0,15.8,6.3,-1738.0,9419.1
335,Iceland,2010,318041.0,158070.0,159971.0,15.4,6.4,822.0,10383.4
336,Iceland,2011,319014.0,158829.0,160185.0,14.1,6.2,1123.0,10934.3
337,Iceland,2012,320716.0,159815.0,160901.0,14.1,6.1,2282.0,11479.9
338,Iceland,2013,323764.0,161386.0,162378.0,13.4,6.7,3814.0,12132.9
339,Iceland,2014,327386.0,163134.0,164252.0,13.4,6.3,3429.0,13472.6
340,Iceland,2015,330815.0,164587.0,166228.0,12.5,6.6,3429.0,15795.3
341,Iceland,2016,335439.0,166288.0,169152.0,12.0,6.9,5820.0,18804.2
342,Iceland,2017,343400.0,169083.0,174317.0,11.9,6.5,10101.0,21917.7
343,Iceland,2018,352721.0,172502.0,180219.0,12.0,6.4,8541.0,22238.3
344,Iceland,2019,360563.0,175674.0,184889.0,12.3,6.3,7143.0,22027.5
345,Iceland,2020,366463.0,178471.0,187992.0,12.3,6.3,4658.0,18880.6
346,Iceland,2021,372520.0,181451.0,191069.0,13.1,6.3,7456.0,21611.1
347,Iceland,2022,382003.0,,,11.5,7.0,11510.0,26479.3
348,Ireland,2001,3866243.0,1944499.0,1921744.0,15.0,7.8,66919.0,122089.2
349,Ireland,2002,3931947.0,1978381.0,1953566.0,15.4,7.5,64489.0,135997.6
350,Ireland,2003,3996521.0,2010327.0,1986195.0,15.4,7.3,64660.0,145576.4
351,Ireland,2004,4070262.0,2044006.0,2026256.0,15.2,7.0,82821.0,156260.3
352,Ireland,2005,4159914.0,2083515.0,2076400.0,14.8,6.8,96484.0,170306.8
353,Ireland,2006,4274137.0,2136018.0,2138120.0,15.3,6.7,131962.0,184916.2
354,Ireland,2007,4398942.0,2199170.0,2199772.0,16.2,6.4,117647.0,197069.4
355,Ireland,2008,4489544.0,2249838.0,2239706.0,16.7,6.3,63557.0,187283.0
356,Ireland,2009,4535375.0,2278559.0,2256816.0,16.7,6.3,28106.0,169519.7
357,Ireland,2010,4560155.0,2294955.0,2265200.0,16.5,6.1,21453.0,167391.4
358,Ireland,2011,4580084.0,2308372.0,2271713.0,16.2,6.2,18406.0,171823.5
359,Ireland,2012,4599533.0,2320803.0,2278731.0,15.6,6.3,20492.0,175218.5
360,Ireland,2013,4623816.0,2334160.0,2289656.0,14.9,6.4,28073.0,179285.6
361,Ireland,2014,4657740.0,2353144.0,2304596.0,14.4,6.3,39775.0,195469.9
362,Ireland,2015,4701957.0,2375715.0,2326242.0,13.9,6.4,48659.0,263506.8
363,Ireland,2016,4755335.0,2401805.0,2353530.0,13.4,6.4,58097.0,269724.8
364,Ireland,2017,4807388.0,2427317.0,2380071.0,12.9,6.3,46009.0,298528.3
365,Ireland,2018,4867316.0,2456764.0,2410552.0,12.5,6.4,73848.0,327441.4
366,Ireland,2019,4934340.0,2491071.0,2443269.0,12.0,6.3,60200.0,356357.4
367,Ireland,2020,4985382.0,2517652.0,2467730.0,11.2,6.5,41884.0,375249.6
368,Ireland,2021,5033164.0,2542409.0,2490755.0,12.0,6.8,53680.0,434069.7
369,Ireland,2022,5127170.0,,,11.2,6.9,134332.0,506282.4
370,Italy,2001,56974100.0,29393412.0,27580688.0,9.4,9.6,26815.0,1304136.8
371,Italy,2002,57059007.0,29437157.0,27621850.0,9.4,9.8,142999.0,1350258.9
372,Italy,2003,57313203.0,29561078.0,27752125.0,9.5,10.2,365394.0,1394693.2
373,Italy,2004,57685327.0,29740421.0,27944906.0,9.8,9.5,378853.0,1452319.0
374,Italy,2005,57969484.0,29878090.0,28091394.0,9.6,9.8,189461.0,1493635.3
375,Italy,2006,58143979.0,29968574.0,28175406.0,9.6,9.6,159530.0,1552686.8
376,Italy,2007,58438310.0,30126572.0,28311738.0,9.7,9.8,429131.0,1614839.8
377,Italy,2008,58826731.0,30336106.0,28490625.0,9.8,9.9,347711.0,1637699.4
378,Italy,2009,59095365.0,30485669.0,28609696.0,9.6,10.0,189557.0,1577255.9
379,Italy,2010,59277417.0,30595096.0,28682321.0,9.5,9.9,174547.0,1611279.4
380,Italy,2011,59379449.0,30658521.0,28720928.0,9.2,10.0,29517.0,1648755.8
381,Italy,2012,59539717.0,30731619.0,28808098.0,9.0,10.3,291020.0,1624358.7
382,Italy,2013,60233948.0,31046867.0,29187081.0,8.5,10.0,1097441.0,1612751.3
383,Italy,2014,60789140.0,31296063.0,29493077.0,8.3,9.8,12944.0,1627405.6
384,Italy,2015,60730582.0,31251626.0,29478956.0,8.0,10.7,-130061.0,1655355.0
385,Italy,2016,60627498.0,31176467.0,29451031.0,7.8,10.1,-76106.0,1695786.8
386,Italy,2017,60536709.0,31100035.0,29436674.0,7.6,10.7,-105472.0,1736592.8
387,Italy,2018,60421760.0,30870922.0,29279401.0,7.3,10.5,-124427.0,1771391.2
388,Italy,2019,59729081.0,30638435.0,29090646.0,7.0,10.6,-175185.0,1796648.5
389,Italy,2020,59438851.0,30480690.0,28958161.0,6.8,12.5,-405275.0,1661019.9
390,Italy,2021,59133173.0,30290582.0,28842591.0,6.8,11.9,-206080.0,1787675.4
391,Italy,2022,58940425.0,,,6.7,12.1,-179416.0,1909153.6
392,Latvia,2001,2337170.0,1262564.0,1074606.0,8.4,14.1,-32428.0,9374.4
393,Latvia,2002,2310173.0,1249636.0,1060538.0,8.7,14.1,-21566.0,10168.7
394,Latvia,2003,2287955.0,1238309.0,1049646.0,9.2,14.2,-22870.0,10499.6
395,Latvia,2004,2263122.0,1224835.0,1038287.0,9.1,14.2,-26796.0,11724.0
396,Latvia,2005,2238799.0,1211716.0,1027084.0,9.8,14.6,-21850.0,13791.9
397,Latvia,2006,2218357.0,1200433.0,1017925.0,10.3,14.9,-19034.0,17363.1
398,Latvia,2007,2200325.0,1189909.0,1010416.0,10.9,15.0,-17030.0,22791.5
399,Latvia,2008,2177322.0,1177478.0,999845.0,11.2,14.2,-28976.0,24531.5
400,Latvia,2009,2141669.0,1159880.0,981790.0,10.3,14.0,-42330.0,18922.0
401,Latvia,2010,2097555.0,1138120.0,959435.0,9.4,14.3,-45899.0,17937.5
402,Latvia,2011,2059709.0,1118334.0,941376.0,9.1,13.9,-29792.0,19666.0
403,Latvia,2012,2034319.0,1103623.0,930696.0,9.8,14.3,-20988.0,22097.5
404,Latvia,2013,2012647.0,1090834.0,921813.0,10.2,14.3,-22357.0,22791.3
405,Latvia,2014,1993782.0,1079656.0,914126.0,10.9,14.3,-15372.0,23625.8
406,Latvia,2015,1977527.0,1069774.0,907753.0,11.1,14.4,-17139.0,24572.1
407,Latvia,2016,1959537.0,1059546.0,899991.0,11.2,14.6,-18841.0,25371.3
408,Latvia,2017,1942248.0,1049586.0,892662.0,10.7,14.8,-15737.0,26984.4
409,Latvia,2018,1927174.0,1039899.0,887275.0,10.0,15.0,-14411.0,29153.6
410,Latvia,2019,1913822.0,1030889.0,882933.0,9.8,14.5,-12293.0,30678.6
411,Latvia,2020,1900449.0,1022359.0,878091.0,9.2,15.2,-14452.0,30265.1
412,Latvia,2021,1884490.0,1012349.0,872141.0,9.2,18.4,-17466.0,33616.5
413,Latvia,2022,1879383.0,,,8.5,16.4,7251.0,39062.5
414,Liechtenstein,2001,33194.0,16957.0,16238.0,12.1,6.6,662.0,
415,Liechtenstein,2002,33694.0,17160.0,16534.0,11.7,6.4,338.0,
416,Liechtenstein,2003,34079.0,17323.0,16756.0,10.2,6.4,431.0,
417,Liechtenstein,2004,34447.0,17482.0,16966.0,10.8,5.7,306.0,
418,Liechtenstein,2005,34753.0,17626.0,17127.0,11.0,6.2,305.0,
419,Liechtenstein,2006,35037.0,17763.0,17274.0,10.3,6.3,263.0,
420,Liechtenstein,2007,35262.0,17867.0,17396.0,10.0,6.4,188.0,
421,Liechtenstein,2008,35473.0,17953.0,17520.0,9.9,5.8,233.0,
422,Liechtenstein,2009,35742.0,18062.0,17680.0,11.4,6.4,305.0,
423,Liechtenstein,2010,36022.0,18194.0,17828.0,9.1,6.6,255.0,
424,Liechtenstein,2011,36312.0,18348.0,17964.0,10.9,6.8,326.0,
425,Liechtenstein,2012,36657.0,18512.0,18145.0,9.7,6.1,363.0,
426,Liechtenstein,2013,36984.0,18660.0,18324.0,9.2,6.7,291.0,4812.4
427,Liechtenstein,2014,37248.0,18771.0,18477.0,10.0,7.2,237.0,5021.7
428,Liechtenstein,2015,37494.0,18888.0,18607.0,8.7,6.7,256.0,5649.1
429,Liechtenstein,2016,37716.0,19013.0,18703.0,10.0,7.2,188.0,5637.7
430,Liechtenstein,2017,37962.0,19144.0,18818.0,8.9,6.6,304.0,5734.6
431,Liechtenstein,2018,38246.0,19289.0,18958.0,9.9,7.2,264.0,5666.3
432,Liechtenstein,2019,38563.0,19443.0,19120.0,9.2,6.8,369.0,5750.1
433,Liechtenstein,2020,38901.0,19610.0,19292.0,9.1,8.2,308.0,5617.9
434,Liechtenstein,2021,39182.0,19750.0,19432.0,9.6,6.9,253.0,6075.3
435,Liechtenstein,2022,39494.0,,,9.2,7.1,371.0,
436,Lithuania,2001,3470818.0,1848576.0,1622242.0,9.0,11.6,-32361.0,13664.6
437,Lithuania,2002,3443067.0,1835741.0,1607326.0,8.6,11.9,-23140.0,15153.3
438,Lithuania,2003,3415213.0,1822655.0,1592558.0,8.8,12.0,-32568.0,16650.2
439,Lithuania,2004,3377075.0,1803934.0,1573141.0,8.8,12.2,-43709.0,18219.4
440,Lithuania,2005,3322528.0,1777164.0,1545364.0,8.9,13.2,-65385.0,20979.9
441,Lithuania,2006,3269909.0,1752281.0,1517629.0,9.1,13.7,-39852.0,24053.3
442,Lithuania,2007,3231294.0,1615990.0,1615304.0,9.3,14.1,-37378.0,29011.2
443,Lithuania,2008,3198231.0,1717845.0,1480386.0,9.9,13.7,-28749.0,32660.1
444,Lithuania,2009,3162916.0,1701141.0,1461776.0,10.2,13.3,-41880.0,26897.0
445,Lithuania,2010,3097282.0,1668571.0,1428711.0,9.9,13.6,-89388.0,28033.8
446,Lithuania,2011,3028115.0,1632748.0,1395367.0,10.0,13.6,-48947.0,31317.2
447,Lithuania,2012,2987773.0,1611572.0,1376201.0,10.2,13.7,-31736.0,33410.2
448,Lithuania,2013,2957689.0,1595246.0,1362443.0,10.1,14.0,-28433.0,35039.5
449,Lithuania,2014,2932367.0,1581241.0,1351126.0,10.4,13.7,-22210.0,36581.3
450,Lithuania,2015,2904910.0,1566978.0,1337932.0,10.8,14.4,-32704.0,37345.7
451,Lithuania,2016,2868231.0,1547335.0,1320897.0,10.7,14.3,-40654.0,38889.9
452,Lithuania,2017,2828403.0,1523663.0,1304740.0,10.1,14.2,-39003.0,42276.3
453,Lithuania,2018,2801543.0,1505101.0,1296442.0,10.0,14.1,-14717.0,45515.2
454,Lithuania,2019,2794137.0,1494165.0,1299973.0,9.8,13.7,-94.0,48916.4
455,Lithuania,2020,2794885.0,1485909.0,1308976.0,9.0,15.6,1590.0,49829.3
456,Lithuania,2021,2800839.0,1490741.0,1310099.0,8.3,17.0,10318.0,56153.5
457,Lithuania,2022,2831639.0,,,7.8,15.1,51281.0,66791.1
458,Luxembourg,2001,441525.0,223963.0,217562.0,12.4,8.4,5050.0,23879.9
459,Luxembourg,2002,446175.0,226259.0,219917.0,12.0,8.4,4250.0,25011.1
460,Luxembourg,2003,451630.0,228772.0,222859.0,11.7,9.0,6660.0,26227.3
461,Luxembourg,2004,458095.0,231663.0,226432.0,11.9,7.8,6270.0,28189.4
462,Luxembourg,2005,465158.0,235030.0,230128.0,11.5,7.8,7856.0,30281.0
463,Luxembourg,2006,472637.0,238691.0,233946.0,11.7,8.0,7101.0,34175.0
464,Luxembourg,2007,479993.0,242294.0,237700.0,11.4,8.1,7612.0,37641.9
465,Luxembourg,2008,488650.0,246429.0,242221.0,11.5,7.4,9701.0,40009.6
466,Luxembourg,2009,497783.0,250663.0,247121.0,11.3,7.3,8566.0,39050.7
467,Luxembourg,2010,506953.0,254941.0,252013.0,11.6,7.4,9774.0,42402.7
468,Luxembourg,2011,518347.0,260127.0,258220.0,10.9,7.4,12824.0,44323.5
469,Luxembourg,2012,530946.0,265830.0,265116.0,11.3,7.3,12186.0,46526.2
470,Luxembourg,2013,543360.0,271595.0,271765.0,11.3,7.0,12641.0,49094.5
471,Luxembourg,2014,556319.0,277775.0,278545.0,10.9,6.9,13278.0,51791.3
472,Luxembourg,2015,569604.0,284021.0,285583.0,10.7,7.0,13291.0,54142.3
473,Luxembourg,2016,582014.0,289760.0,292254.0,10.4,6.8,11529.0,56208.1
474,Luxembourg,2017,596336.0,296726.0,299611.0,10.4,7.1,11338.0,58168.8
475,Luxembourg,2018,607950.0,302300.0,305650.0,10.3,7.1,11889.0,60121.2
476,Luxembourg,2019,620001.0,308159.0,311842.0,10.0,6.9,12214.0,62373.6
477,Luxembourg,2020,630419.0,313209.0,317210.0,10.2,7.3,8622.0,64781.0
478,Luxembourg,2021,640064.0,317804.0,322260.0,10.5,7.0,10667.0,72295.0
479,Luxembourg,2022,653103.0,,,9.9,6.8,15412.0,78130.1
480,Malta,2001,393028.0,198502.0,194526.0,10.1,7.4,3226.0,4565.5
481,Malta,2002,395969.0,199869.0,196100.0,9.9,7.6,2655.0,4740.9
482,Malta,2003,398582.0,201114.0,197468.0,10.2,7.9,2571.0,4823.5
483,Malta,2004,401268.0,202428.0,198840.0,9.7,7.5,2801.0,4910.4
484,Malta,2005,403834.0,203625.0,200209.0,9.6,7.8,2331.0,5152.1
485,Malta,2006,405308.0,204129.0,201179.0,9.3,7.9,617.0,5403.0
486,Malta,2007,406724.0,204598.0,202127.0,9.3,7.6,2216.0,5790.3
487,Malta,2008,409379.0,205709.0,203671.0,9.8,7.9,3094.0,6206.0
488,Malta,2009,412477.0,207072.0,205405.0,9.8,7.8,3101.0,6259.6
489,Malta,2010,414508.0,208204.0,206304.0,9.4,7.3,962.0,6815.8
490,Malta,2011,416268.0,209218.0,207050.0,10.0,7.8,2557.0,6924.6
491,Malta,2012,420028.0,210989.0,209039.0,9.8,8.1,4963.0,7364.5
492,Malta,2013,425967.0,213509.0,212458.0,9.5,7.6,6915.0,7944.3
493,Malta,2014,434558.0,217047.0,217511.0,9.6,7.5,10267.0,8751.1
494,Malta,2015,445053.0,221611.0,223442.0,9.7,7.7,10724.0,9996.7
495,Malta,2016,455356.0,226327.0,229030.0,9.8,7.3,9882.0,10541.1
496,Malta,2017,467999.0,231868.0,236131.0,9.2,7.6,15404.0,11936.6
497,Malta,2018,484630.0,238413.0,246218.0,9.2,7.6,17858.0,12977.2
498,Malta,2019,504062.0,245263.0,258799.0,8.6,7.3,21005.0,14186.4
499,Malta,2020,515332.0,248982.0,266351.0,8.6,7.9,1536.0,13180.9
500,Malta,2021,518536.0,250033.0,268503.0,8.5,8.0,4871.0,15011.5
501,Malta,2022,531113.0,,,8.1,8.0,21877.0,16922.6
502,Moldova,2001,3631462.0,1892381.0,1739082.0,10.0,11.0,-7300.0,
503,Moldova,2002,3623062.0,1887633.0,1735430.0,9.9,11.6,-9500.0,
504,Moldova,2003,3612874.0,1882013.0,1730861.0,10.1,11.9,-10877.0,
505,Moldova,2004,3603936.0,1877308.0,1726628.0,10.6,11.6,-6999.0,
506,Moldova,2005,3595186.0,1873082.0,1722105.0,10.5,12.4,-10500.0,
507,Moldova,2006,3585523.0,1865324.0,1720199.0,10.5,12.0,-8826.0,
508,Moldova,2007,3576907.0,1857662.0,1719245.0,10.6,12.0,-8407.0,
509,Moldova,2008,3570108.0,1853913.0,1716195.0,10.9,11.7,-5191.0,
510,Moldova,2009,3565604.0,1851395.0,1714209.0,11.4,11.8,-3817.0,
511,Moldova,2010,3562063.0,1849266.0,1712797.0,11.4,12.2,-3265.0,
512,Moldova,2011,3559986.0,1848070.0,1711916.0,11.0,11.0,-889.0,
513,Moldova,2012,3559519.0,1847484.0,1712036.0,11.1,11.1,-44.0,
514,Moldova,2013,3558566.0,,,10.6,10.7,-1863.0,
515,Moldova,2014,2856950.0,,,14.3,13.8,-24553.0,
516,Moldova,2015,2834530.0,,,14.4,14.1,-20286.0,
517,Moldova,2016,2802170.0,,,14.3,13.7,-44435.0,
518,Moldova,2017,2755158.0,,,13.3,13.4,-49588.0,
519,Moldova,2018,2708214.0,,,12.8,13.8,-44300.0,
520,Moldova,2019,2663251.0,,,12.0,13.7,-45626.0,
521,Moldova,2020,2618773.0,,,11.7,15.5,-43331.0,
522,Moldova,2022,2558244.0,,,10.5,14.1,-90971.0,
523,Monaco,2004,32957.0,16988.0,15969.0,25.0,15.9,257.0,
524,Monaco,2005,,,,,,,
525,Monaco,2015,37950.0,,,8.1,7.6,500.0,
526,Monaco,2016,37875.0,,,7.8,7.9,-650.0,
527,Monaco,2018,38300.0,,,5.9,6.6,0.0,
528,Montenegro,2001,607224.0,308167.0,299057.0,14.6,8.9,2472.0,
529,Montenegro,2002,609485.0,309313.0,300173.0,13.9,9.0,2050.0,
530,Montenegro,2003,611362.0,310420.0,300942.0,13.6,9.3,1704.0,
531,Montenegro,2004,612817.0,311327.0,301491.0,12.8,9.3,1206.0,
532,Montenegro,2005,613265.0,311312.0,301953.0,12.0,9.5,-311.0,
533,Montenegro,2006,613867.0,311523.0,302344.0,12.3,9.7,1515.0,2169.6
534,Montenegro,2007,615084.0,312205.0,302879.0,12.7,9.7,919.0,2689.1
535,Montenegro,2008,616350.0,312710.0,303641.0,13.4,9.3,1614.0,3103.3
536,Montenegro,2009,618079.0,313427.0,304653.0,14.0,9.5,1844.0,2993.9
537,Montenegro,2010,619426.0,313752.0,305674.0,12.0,9.1,849.0,3125.1
538,Montenegro,2011,620079.0,313837.0,306242.0,11.6,9.4,458.0,3264.8
539,Montenegro,2012,620601.0,314021.0,306580.0,12.0,9.5,585.0,3181.5
540,Montenegro,2013,621207.0,314229.0,306978.0,12.0,9.5,628.0,3362.5
541,Montenegro,2014,621810.0,314472.0,307339.0,12.1,9.7,578.0,3457.9
542,Montenegro,2015,622159.0,314531.0,307628.0,11.9,10.2,119.0,3654.5
543,Montenegro,2016,622303.0,314560.0,307743.0,12.2,10.4,169.0,3954.2
544,Montenegro,2017,622373.0,314627.0,307747.0,11.9,10.5,-28.0,4299.1
545,Montenegro,2018,622271.0,314544.0,307727.0,11.7,10.5,-177.0,4663.1
546,Montenegro,2019,622028.0,314394.0,307634.0,11.6,10.6,-309.0,4950.7
547,Montenegro,2020,621306.0,314097.0,307210.0,11.4,11.7,-1134.0,4185.6
548,Montenegro,2021,619211.0,313192.0,306019.0,11.4,14.8,-3056.0,4955.1
549,Montenegro,2022,617189.0,,,11.4,11.5,-988.0,5796.8
550,Netherlands,2001,16046180.0,8105269.0,7940911.0,12.6,8.7,118210.0,481881.0
551,Netherlands,2002,16148929.0,8155210.0,7993719.0,12.5,8.8,87287.0,501137.0
552,Netherlands,2003,16225302.0,8194610.0,8030693.0,12.3,8.7,65460.0,512810.0
553,Netherlands,2004,16281779.0,8225833.0,8055947.0,11.9,8.4,47494.0,529286.0
554,Netherlands,2005,16319868.0,8248175.0,8071693.0,11.5,8.4,28684.0,550883.0
555,Netherlands,2006,16346101.0,8263141.0,8082961.0,11.3,8.3,23782.0,584546.0
556,Netherlands,2007,16381696.0,8281402.0,8100294.0,11.1,8.1,47407.0,619170.0
557,Netherlands,2008,16445593.0,8311359.0,8134235.0,11.2,8.2,80388.0,647198.0
558,Netherlands,2009,16530388.0,8350452.0,8179936.0,11.2,8.1,89202.0,624842.0
559,Netherlands,2010,16615394.0,8391915.0,8223479.0,11.1,8.2,80810.0,639187.0
560,Netherlands,2011,16693074.0,8429897.0,8263177.0,10.8,8.1,74549.0,650359.0
561,Netherlands,2012,16754962.0,8459857.0,8295105.0,10.5,8.4,49227.0,652966.0
562,Netherlands,2013,16804432.0,8483570.0,8320862.0,10.2,8.4,49714.0,660463.0
563,Netherlands,2014,16865008.0,8511386.0,8353622.0,10.4,8.3,71437.0,671560.0
564,Netherlands,2015,16939923.0,8544927.0,8394997.0,10.1,8.7,78394.0,690008.0
565,Netherlands,2016,17030314.0,8584195.0,8446119.0,10.1,8.7,102387.0,708337.0
566,Netherlands,2017,17131296.0,8630224.0,8501072.0,9.9,8.8,99577.0,738146.0
567,Netherlands,2018,17231624.0,8677560.0,8554064.0,9.8,8.9,101079.0,773987.0
568,Netherlands,2019,17344874.0,8730316.0,8614559.0,9.8,8.8,125422.0,813055.0
569,Netherlands,2020,17441500.0,8774217.0,8667284.0,9.7,9.7,67830.0,796530.0
570,Netherlands,2021,17533044.0,8817042.0,8716002.0,10.2,9.8,115257.0,870587.0
571,Netherlands,2022,17700982.0,,,9.5,9.6,220619.0,958549.0
572,North Macedonia,2001,2034882.0,1016955.0,1017927.0,13.3,8.3,7539.0,4143.5
573,North Macedonia,2002,2031153.0,1013401.0,1017752.0,13.7,8.8,-14997.0,4240.5
574,North Macedonia,2003,2026773.0,1009499.0,1017274.0,13.3,8.9,6238.0,4385.9
575,North Macedonia,2004,2032544.0,1012642.0,1019903.0,11.5,8.8,5304.0,4577.7
576,North Macedonia,2005,2036855.0,1015084.0,1021772.0,11.0,9.0,3318.0,5032.0
577,North Macedonia,2006,2040228.0,1017159.0,1023069.0,11.1,9.1,3427.0,5472.2
578,North Macedonia,2007,2043559.0,1019070.0,1024489.0,11.1,9.6,3236.0,6094.5
579,North Macedonia,2008,2046898.0,1020877.0,1026022.0,11.2,9.3,3442.0,6772.1
580,North Macedonia,2009,2050671.0,1022861.0,1027810.0,11.5,9.3,4103.0,6766.5
581,North Macedonia,2010,2055003.0,1025156.0,1029848.0,11.8,9.3,4562.0,7108.3
582,North Macedonia,2011,2058539.0,1027136.0,1031403.0,11.1,9.5,2510.0,7544.2
583,North Macedonia,2012,2061044.0,1028512.0,1032532.0,11.4,9.8,2500.0,7584.8
584,North Macedonia,2013,2064032.0,1030042.0,1033990.0,11.2,9.3,3475.0,8149.6
585,North Macedonia,2014,2067471.0,1031791.0,1035680.0,11.4,9.5,3403.0,8562.0
586,North Macedonia,2015,2070225.0,1033166.0,1037060.0,11.1,9.9,2106.0,9072.3
587,North Macedonia,2016,2072490.0,1034383.0,1038107.0,11.1,9.9,2424.0,9656.5
588,North Macedonia,2017,2074502.0,1035554.0,1038948.0,10.5,9.8,1599.0,10038.3
589,North Macedonia,2018,2076217.0,1036475.0,1039742.0,10.3,9.5,1831.0,10744.0
590,North Macedonia,2019,2076694.0,1036736.0,1039958.0,9.6,9.8,-877.0,11262.0
591,North Macedonia,2020,2072532.0,1035065.0,1037467.0,9.2,12.4,-7447.0,10851.7
592,North Macedonia,2021,1952961.0,979845.0,973117.0,9.5,14.6,-231694.0,11688.2
593,North Macedonia,2022,1833534.0,,,9.9,12.2,-7160.0,12897.8
594,Norway,2001,4513751.0,2277134.0,2236618.0,12.6,9.7,20630.0,194660.8
595,Norway,2002,4538159.0,2289139.0,2249021.0,12.2,9.8,28186.0,208313.8
596,Norway,2003,4564855.0,2302277.0,2262578.0,12.4,9.3,25205.0,202928.2
597,Norway,2004,4591910.0,2315351.0,2276560.0,12.4,9.0,28906.0,213642.4
598,Norway,2005,4623291.0,2330266.0,2293026.0,12.3,8.9,33856.0,249342.9
599,Norway,2006,4660677.0,2346792.0,2313885.0,12.6,8.9,40915.0,276477.7
600,Norway,2007,4709153.0,2366414.0,2342739.0,12.4,8.9,56037.0,294414.5
601,Norway,2008,4768212.0,2390840.0,2377372.0,12.7,8.7,62081.0,318851.0
602,Norway,2009,4828726.0,2417823.0,2410903.0,12.8,8.6,58947.0,279533.4
603,Norway,2010,4889252.0,2445452.0,2443801.0,12.6,8.5,62106.0,325493.9
604,Norway,2011,4953088.0,2473228.0,2479860.0,12.2,8.4,65565.0,360552.4
605,Norway,2012,5018573.0,2501183.0,2517390.0,12.0,8.4,65405.0,399069.2
606,Norway,2013,5079623.0,2528165.0,2551458.0,11.6,8.1,56695.0,395856.8
607,Norway,2014,5137232.0,2554127.0,2583105.0,11.5,7.9,58523.0,378456.4
608,Norway,2015,5188607.0,2577194.0,2611414.0,11.3,7.8,44228.0,349756.7
609,Norway,2016,5234519.0,2598142.0,2636378.0,11.3,7.8,47596.0,335396.5
610,Norway,2017,5276968.0,2618218.0,2658751.0,10.7,7.7,37302.0,356288.5
611,Norway,2018,5311916.0,2635194.0,2676722.0,10.4,7.7,32593.0,372657.6
612,Norway,2019,5347896.0,2652079.0,2695818.0,10.2,7.6,39368.0,365130.5
613,Norway,2020,5379475.0,2666564.0,2712911.0,9.8,7.5,23789.0,322823.8
614,Norway,2021,5408320.0,2680024.0,2728296.0,10.4,7.8,33901.0,414394.9
615,Norway,2022,5457127.0,,,9.4,8.4,63714.0,551408.9
616,Poland,2001,38248076.0,19716825.0,18531251.0,9.6,9.5,-11758.0,212834.1
617,Poland,2002,38230364.0,19714408.0,18515956.0,9.3,9.4,-23666.0,210560.0
618,Poland,2003,38204570.0,19707980.0,18496590.0,9.2,9.6,-27923.0,192552.1
619,Poland,2004,38182222.0,19703880.0,18478342.0,9.3,9.5,-16773.0,206126.0
620,Poland,2005,38165445.0,19703391.0,18462054.0,9.5,9.6,-16780.0,246216.8
621,Poland,2006,38141267.0,19700952.0,18440315.0,9.8,9.7,-31576.0,274501.7
622,Poland,2007,38120560.0,19701422.0,18419138.0,10.2,9.9,-9838.0,313848.3
623,Poland,2008,38125759.0,19712545.0,18413214.0,10.9,10.0,20235.0,366040.5
624,Poland,2009,38151603.0,19729769.0,18421834.0,10.9,10.1,31453.0,317040.6
625,Poland,2010,38042794.0,19621825.0,18420969.0,10.9,9.9,39849.0,359067.8
626,Poland,2011,38063255.0,19634757.0,18428498.0,10.2,9.9,1074.0,377042.4
627,Poland,2012,38063164.0,19636469.0,18426695.0,10.1,10.1,-1257.0,385389.4
628,Poland,2013,38040196.0,19625167.0,18415029.0,9.7,10.2,-44679.0,388356.4
629,Poland,2014,38011735.0,19611172.0,18400564.0,9.9,9.9,-12242.0,406412.5
630,Poland,2015,37986412.0,19599310.0,18387102.0,9.7,10.4,-38405.0,429834.6
631,Poland,2016,37970087.0,19592648.0,18377439.0,10.1,10.2,5755.0,424735.3
632,Poland,2017,37974826.0,19595758.0,18379068.0,10.6,10.6,3723.0,465772.6
633,Poland,2018,37974750.0,19594412.0,18380338.0,10.2,10.9,-3875.0,499004.1
634,Poland,2019,37965475.0,19588597.0,18376879.0,9.9,10.8,-14674.0,532504.7
635,Poland,2020,37899070.0,19558635.0,18340435.0,9.4,12.6,-118137.0,526147.2
636,Poland,2021,37747124.0,19488234.0,18258891.0,8.8,13.8,-185754.0,576382.6
637,Poland,2022,36821749.0,,,8.3,12.2,-136025.0,656905.5
638,Portugal,2001,10362722.0,5359806.0,5002916.0,10.9,10.1,63895.0,135775.0
639,Portugal,2002,10419631.0,5391274.0,5028357.0,11.0,10.2,49923.0,142554.3
640,Portugal,2003,10458821.0,5416487.0,5042335.0,10.8,10.4,28458.0,146067.9
641,Portugal,2004,10483861.0,5433336.0,5050526.0,10.4,9.7,21622.0,152248.4
642,Portugal,2005,10503330.0,5447063.0,5056268.0,10.4,10.2,17316.0,158552.7
643,Portugal,2006,10522288.0,5460684.0,5061604.0,10.0,9.7,20600.0,166260.5
644,Portugal,2007,10542964.0,5475893.0,5067071.0,9.7,9.8,20751.0,175483.4
645,Portugal,2008,10558177.0,5490184.0,5067993.0,9.9,9.9,9675.0,179102.8
646,Portugal,2009,10568247.0,5503255.0,5064992.0,9.4,9.9,10465.0,175416.4
647,Portugal,2010,10573100.0,5514456.0,5058644.0,9.6,10.0,-758.0,179610.8
648,Portugal,2011,10557560.0,5515570.0,5041990.0,9.2,9.7,-30323.0,176096.2
649,Portugal,2012,10514844.0,5501777.0,5013067.0,8.5,10.2,-55109.0,168295.6
650,Portugal,2013,10457295.0,5480437.0,4976859.0,7.9,10.2,-59988.0,170492.3
651,Portugal,2014,10401062.0,5460219.0,4940843.0,7.9,10.1,-52479.0,173053.7
652,Portugal,2015,10358076.0,5445489.0,4912588.0,8.3,10.5,-33492.0,179713.2
653,Portugal,2016,10325452.0,5433469.0,4891983.0,8.4,10.7,-31757.0,186489.8
654,Portugal,2017,10300300.0,5425226.0,4875074.0,8.4,10.7,-18546.0,195947.2
655,Portugal,2018,10283822.0,5423793.0,4860029.0,8.5,11.0,-14410.0,205184.1
656,Portugal,2019,10286263.0,5430092.0,4856172.0,8.4,10.9,19292.0,214374.6
657,Portugal,2020,10297081.0,5437718.0,4859363.0,8.2,12.0,2343.0,200518.9
658,Portugal,2021,10361831.0,5433037.0,4928794.0,7.7,12.0,-19578.0,214741.0
659,Portugal,2022,10409704.0,,,8.0,11.9,115324.0,239240.7
660,Romania,2001,22131970.0,11318195.0,10813775.0,10.0,11.7,-596974.0,45143.6
661,Romania,2002,21730496.0,11128950.0,10601547.0,9.7,12.4,-205974.0,48695.7
662,Romania,2003,21574326.0,11062449.0,10511877.0,9.8,12.4,-106367.0,51108.5
663,Romania,2004,21451748.0,11000752.0,10450996.0,10.1,12.1,-138788.0,60402.0
664,Romania,2005,21319685.0,10935196.0,10384489.0,10.4,12.3,-125338.0,79223.9
665,Romania,2006,21193760.0,10872845.0,10320915.0,10.4,12.2,-126513.0,97215.6
666,Romania,2007,20882982.0,10713387.0,10169595.0,10.3,12.1,-495043.0,127632.0
667,Romania,2008,20537875.0,10537342.0,10000534.0,10.8,12.3,-195170.0,146590.6
668,Romania,2009,20367487.0,10451346.0,9916141.0,10.9,12.6,-145607.0,125213.9
669,Romania,2010,20246871.0,10390192.0,9856679.0,10.5,12.8,-95624.0,128278.9
670,Romania,2011,20147528.0,10342500.0,9805028.0,9.7,12.5,-103063.0,138520.7
671,Romania,2012,20058035.0,10288742.0,9769294.0,10.0,12.7,-75922.0,139319.8
672,Romania,2013,19983693.0,10229927.0,9753766.0,9.4,12.4,-72763.0,142928.9
673,Romania,2014,19908979.0,10182416.0,9726563.0,10.0,12.8,-76664.0,150522.4
674,Romania,2015,19815616.0,10137213.0,9678404.0,10.2,13.2,-110062.0,160287.8
675,Romania,2016,19702267.0,10076361.0,9625907.0,10.4,13.1,-116636.0,167494.3
676,Romania,2017,19588715.0,10010242.0,9578474.0,10.8,13.4,-110468.0,186399.0
677,Romania,2018,19473970.0,9946311.0,9527659.0,10.8,13.6,-119023.0,206071.9
678,Romania,2019,19371648.0,9891093.0,9480556.0,10.3,13.4,-85620.0,224178.6
679,Romania,2020,19265250.0,9841125.0,9424126.0,10.3,15.5,-127176.0,220486.6
680,Romania,2021,19122059.0,9808358.0,9313701.0,10.1,17.5,-159207.0,241268.4
681,Romania,2022,19047009.0,,,9.6,14.3,9107.0,285884.8
682,Serbia,2001,7503433.0,3854900.0,3648533.0,10.5,13.2,-2613.0,14584.5
683,Serbia,2002,7496522.0,3851367.0,3645156.0,10.4,13.7,-11208.0,18165.8
684,Serbia,2003,7480591.0,3842808.0,3637783.0,10.6,13.9,-20655.0,19882.0
685,Serbia,2004,7463157.0,3833964.0,3629193.0,10.5,14.0,-14213.0,20995.0
686,Serbia,2005,7440769.0,3822730.0,3618039.0,9.7,14.3,-30563.0,22253.8
687,Serbia,2006,7411569.0,3807870.0,3603699.0,9.6,13.9,-27836.0,25930.7
688,Serbia,2007,7381579.0,3792613.0,3588966.0,9.2,13.9,-32144.0,31557.9
689,Serbia,2008,7350222.0,3776411.0,3573812.0,9.4,14.0,-30570.0,35712.5
690,Serbia,2009,7320807.0,3760753.0,3560054.0,9.6,14.2,-28260.0,32486.2
691,Serbia,2010,7291436.0,3745069.0,3542250.0,9.4,14.2,-30482.0,31545.8
692,Serbia,2011,7234099.0,3711427.0,3522673.0,9.1,14.2,-34900.0,35431.7
693,Serbia,2012,7199077.0,3693363.0,3505714.0,9.3,14.2,-35144.0,33679.3
694,Serbia,2013,7164132.0,3675697.0,3488436.0,9.2,14.0,-34746.0,36426.7
695,Serbia,2014,7130576.0,3658445.0,3472131.0,9.3,14.2,-32366.0,35467.5
696,Serbia,2015,7095383.0,3640054.0,3455329.0,9.3,14.6,-38021.0,35740.2
697,Serbia,2016,7058322.0,3620680.0,3437643.0,9.2,14.3,-36100.0,36779.3
698,Serbia,2017,7020858.0,3601049.0,3419810.0,9.2,14.8,-38828.0,39235.3
699,Serbia,2018,6982604.0,3580903.0,3401702.0,9.2,14.6,-37680.0,42892.2
700,Serbia,2019,6945235.0,3561510.0,3383725.0,9.3,14.6,-37059.0,46005.4
701,Serbia,2020,6899126.0,3538821.0,3360306.0,8.9,16.9,-55158.0,46815.3
702,Serbia,2021,6834326.0,3507323.0,3327004.0,9.1,20.0,-74442.0,53329.3
703,Serbia,2022,6730777.0,,,9.3,16.2,-132656.0,60367.9
704,Slovakia,2001,5378867.0,2766651.0,2612217.0,9.5,9.7,168.0,23909.8
705,Slovakia,2002,5376912.0,2766075.0,2610838.0,9.5,9.6,-4078.0,26340.7
706,Slovakia,2003,5373374.0,2764432.0,2608943.0,9.6,9.7,-2998.0,30119.1
707,Slovakia,2004,5372280.0,2763703.0,2608578.0,10.0,9.7,810.0,34757.7
708,Slovakia,2005,5372807.0,2763367.0,2609440.0,10.1,10.0,243.0,39403.4
709,Slovakia,2006,5373054.0,2762799.0,2610255.0,10.0,9.9,252.0,45602.0
710,Slovakia,2007,5374622.0,2762451.0,2612172.0,10.1,10.0,2884.0,56339.3
711,Slovakia,2008,5379233.0,2763220.0,2616013.0,10.7,9.9,6337.0,66098.1
712,Slovakia,2009,5386406.0,2765464.0,2620942.0,11.4,9.8,8009.0,64095.5
713,Slovakia,2010,5391428.0,2767069.0,2624360.0,11.2,9.9,2036.0,68764.9
714,Slovakia,2011,5398384.0,2769922.0,2628463.0,11.3,9.6,11876.0,71785.8
715,Slovakia,2012,5407579.0,2773714.0,2633866.0,10.3,9.7,6514.0,73649.3
716,Slovakia,2013,5413393.0,2775873.0,2637520.0,10.1,9.6,5113.0,74492.8
717,Slovakia,2014,5418649.0,2777955.0,2640694.0,10.2,9.5,5400.0,76354.5
718,Slovakia,2015,5423801.0,2779596.0,2644205.0,10.3,9.9,4903.0,80126.0
719,Slovakia,2016,5430798.0,2781915.0,2648883.0,10.6,9.6,9091.0,81265.2
720,Slovakia,2017,5439232.0,2785133.0,2654099.0,10.7,9.9,7777.0,84669.9
721,Slovakia,2018,5446771.0,2787975.0,2658796.0,10.6,10.0,7301.0,89874.7
722,Slovakia,2019,5454147.0,2790934.0,2663214.0,10.5,9.8,7452.0,94428.3
723,Slovakia,2020,5458827.0,2792909.0,2665918.0,10.4,10.8,1908.0,93441.9
724,Slovakia,2021,5447247.0,2785052.0,2662195.0,10.4,13.5,-25069.0,100323.5
725,Slovakia,2022,5431752.0,,,9.7,11.0,-5920.0,109651.9
726,Slovenia,2001,1992060.0,1018188.0,973872.0,8.8,9.3,3932.0,23249.1
727,Slovenia,2002,1994530.0,1019235.0,975295.0,8.8,9.4,1007.0,24972.4
728,Slovenia,2003,1995733.0,1019539.0,976195.0,8.7,9.7,1400.0,26247.5
729,Slovenia,2004,1997012.0,1020085.0,976927.0,9.0,9.3,1157.0,27692.0
730,Slovenia,2005,2000474.0,1021216.0,979259.0,9.1,9.4,5768.0,29122.3
731,Slovenia,2006,2006868.0,1022644.0,984224.0,9.4,9.1,7019.0,31476.1
732,Slovenia,2007,2018122.0,1024319.0,986758.0,9.8,9.2,15489.0,35073.5
733,Slovenia,2008,2021316.0,1026077.0,995239.0,10.8,9.1,22093.0,37925.7
734,Slovenia,2009,2039669.0,1030643.0,1009026.0,10.7,9.2,14614.0,36254.9
735,Slovenia,2010,2048583.0,1034248.0,1014335.0,10.9,9.1,3213.0,36363.9
736,Slovenia,2011,2052843.0,1037196.0,1015647.0,10.7,9.1,5307.0,37058.6
737,Slovenia,2012,2057159.0,1039263.0,1017896.0,10.7,9.4,3325.0,36253.3
738,Slovenia,2013,2059953.0,1039986.0,1019968.0,10.2,9.4,2264.0,36454.3
739,Slovenia,2014,2061980.0,1040428.0,1021552.0,10.3,9.2,1789.0,37634.3
740,Slovenia,2015,2063531.0,1040750.0,1022781.0,10.0,9.6,1314.0,38852.6
741,Slovenia,2016,2065042.0,1040813.0,1024229.0,9.9,9.5,1707.0,40443.2
742,Slovenia,2017,2066388.0,1040305.0,1026083.0,9.8,9.9,985.0,43011.3
743,Slovenia,2018,2073894.0,1041046.0,1032849.0,9.4,9.9,14028.0,45876.3
744,Slovenia,2019,2088385.0,1043524.0,1044861.0,9.3,9.9,14953.0,48533.1
745,Slovenia,2020,2102419.0,1046917.0,1055502.0,8.9,11.4,13116.0,47020.6
746,Slovenia,2021,2108079.0,1049262.0,1058817.0,9.0,11.0,-1797.0,52208.1
747,Slovenia,2022,2111986.0,,,8.3,10.6,9612.0,58988.5
748,Spain,2001,40850412.0,20830704.0,20019708.0,9.9,8.8,369733.0,700993.0
749,Spain,2002,41431558.0,21102563.0,20328996.0,10.1,8.8,792560.0,749552.0
750,Spain,2003,42187645.0,21454123.0,20733522.0,10.4,9.1,719613.0,802266.0
751,Spain,2004,42921895.0,21791963.0,21129932.0,10.6,8.6,748887.0,859437.0
752,Spain,2005,43653155.0,22125852.0,21527303.0,10.6,8.8,713633.0,927357.0
753,Spain,2006,44397319.0,22478172.0,21919147.0,10.8,8.3,774695.0,1003823.0
754,Spain,2007,45226803.0,22871573.0,22355230.0,10.9,8.5,884273.0,1075539.0
755,Spain,2008,45954106.0,23218098.0,22736009.0,11.3,8.4,570334.0,1109541.0
756,Spain,2009,46362946.0,23431543.0,22931403.0,10.6,8.3,247346.0,1069323.0
757,Spain,2010,46576897.0,23561021.0,23015876.0,10.4,8.2,180555.0,1072709.0
758,Spain,2011,46742697.0,23668451.0,23074246.0,10.1,8.3,151045.0,1063763.0
759,Spain,2012,46773055.0,23714669.0,23058386.0,9.7,8.6,-90329.0,1031104.0
760,Spain,2013,46620045.0,23672434.0,22947611.0,9.1,8.3,-215691.0,1020677.0
761,Spain,2014,46480882.0,23628879.0,22852004.0,9.2,8.5,-62634.0,1032608.0
762,Spain,2015,46444832.0,23627827.0,22817005.0,9.0,9.1,-9466.0,1078092.0
763,Spain,2016,46484062.0,23663031.0,22821031.0,8.8,8.8,87925.0,1114420.0
764,Spain,2017,46593236.0,23734996.0,22858240.0,8.4,9.1,130423.0,1162492.0
765,Spain,2018,46797754.0,23852183.0,22945571.0,7.9,9.1,278613.0,1203859.0
766,Spain,2019,47134837.0,24030551.0,23104286.0,7.6,8.8,395554.0,1245513.0
767,Spain,2020,47365655.0,24152357.0,23213298.0,7.2,10.4,66081.0,1117989.0
768,Spain,2021,47415794.0,24183577.0,23232217.0,7.1,9.5,34198.0,1206842.0
769,Spain,2022,47778340.0,,,6.9,9.7,562874.0,1327108.0
770,Sweden,2001,8895960.0,4495361.0,4400599.0,10.3,10.5,26336.0,270524.5
771,Sweden,2002,8924958.0,4507182.0,4417776.0,10.7,10.6,31660.0,283627.1
772,Sweden,2003,8958229.0,4521348.0,4436882.0,11.1,10.4,34882.0,296305.5
773,Sweden,2004,8993531.0,4537048.0,4456484.0,11.2,10.1,35722.0,310182.0
774,Sweden,2005,9029572.0,4553142.0,4476431.0,11.2,10.2,36360.0,315774.8
775,Sweden,2006,9080505.0,4575468.0,4505037.0,11.7,10.0,65505.0,337317.2
776,Sweden,2007,9148092.0,4604370.0,4543722.0,11.7,10.0,69670.0,358945.1
777,Sweden,2008,9219637.0,4635822.0,4583816.0,11.9,9.9,73420.0,354881.1
778,Sweden,2009,9298515.0,4672153.0,4626362.0,12.0,9.7,84335.0,314637.5
779,Sweden,2010,9378126.0,4708497.0,4669629.0,12.3,9.6,74888.0,374695.2
780,Sweden,2011,9449213.0,4740674.0,4708539.0,11.8,9.5,67285.0,412844.7
781,Sweden,2012,9519374.0,4773005.0,4746370.0,11.9,9.7,73038.0,430037.1
782,Sweden,2013,9600379.0,4810248.0,4790131.0,11.8,9.4,88971.0,441850.7
783,Sweden,2014,9696110.0,4852811.0,4843299.0,11.9,9.2,102491.0,438833.9
784,Sweden,2015,9799186.0,4897583.0,4901603.0,11.7,9.3,103662.0,455494.7
785,Sweden,2016,9923085.0,4950929.0,4972157.0,11.8,9.2,144136.0,466266.5
786,Sweden,2017,10057698.0,5009693.0,5048005.0,11.5,9.1,125089.0,480025.5
787,Sweden,2018,10175214.0,5062664.0,5112550.0,11.4,9.1,109943.0,470673.1
788,Sweden,2019,10278887.0,5109761.0,5169126.0,11.1,8.6,97404.0,476869.5
789,Sweden,2020,10353442.0,5144112.0,5209331.0,10.9,9.5,51706.0,480556.4
790,Sweden,2021,10415811.0,5174034.0,5241777.0,11.0,8.8,73031.0,540734.0
791,Sweden,2022,10486941.0,,,10.0,9.0,69230.0,562526.3
792,Switzerland,2001,7229854.0,3697831.0,3532024.0,10.0,8.5,51598.0,320183.3
793,Switzerland,2002,7284753.0,3725064.0,3559689.0,9.9,8.5,58200.0,328614.3
794,Switzerland,2003,7339001.0,3750717.0,3588284.0,9.8,8.6,50295.0,320540.7
795,Switzerland,2004,7389625.0,3774508.0,3615118.0,9.9,8.1,50954.0,325343.7
796,Switzerland,2005,7437115.0,3796516.0,3640599.0,9.8,8.2,44026.0,336400.1
797,Switzerland,2006,7483934.0,3818003.0,3665931.0,9.8,8.1,49611.0,352038.6
798,Switzerland,2007,7551117.0,3847930.0,3703187.0,9.9,8.1,84755.0,358607.9
799,Switzerland,2008,7647675.0,3890831.0,3756845.0,10.0,8.0,108362.0,387052.9
800,Switzerland,2009,7743831.0,3935211.0,3808621.0,10.1,8.1,83950.0,399363.6
801,Switzerland,2010,7824909.0,3973882.0,3853996.0,10.3,8.0,78206.0,452470.6
802,Switzerland,2011,7912398.0,4012559.0,3899840.0,10.2,7.8,84528.0,515770.5
803,Switzerland,2012,7996861.0,4051473.0,3945389.0,10.3,8.0,84398.0,534012.8
804,Switzerland,2013,8089346.0,4094038.0,3995308.0,10.2,8.0,100571.0,531729.1
805,Switzerland,2014,8188649.0,4140663.0,4047986.0,10.4,7.8,98035.0,548014.5
806,Switzerland,2015,8282396.0,4184721.0,4097676.0,10.5,8.2,89460.0,625532.7
807,Switzerland,2016,8373338.0,4225884.0,4147454.0,10.5,7.8,92424.0,621765.1
808,Switzerland,2017,8451840.0,4261905.0,4189936.0,10.3,7.9,64580.0,615776.3
809,Switzerland,2018,8514329.0,4292551.0,4221778.0,10.3,7.9,60397.0,614304.4
810,Switzerland,2019,8575280.0,4322288.0,4252992.0,10.0,7.9,61506.0,644443.2
811,Switzerland,2020,8638167.0,4352436.0,4285731.0,9.9,8.8,64267.0,648913.3
812,Switzerland,2021,8704546.0,4384145.0,4320401.0,10.3,8.2,68491.0,676775.2
813,Switzerland,2022,8775760.0,,,9.4,8.5,73937.0,767616.2
814,UK,2001,59119673.0,30287648.0,28832025.0,11.3,10.2,239783.0,1830567.5
815,UK,2002,59370479.0,30394595.0,28975884.0,11.3,10.2,261830.0,1888699.6
816,UK,2003,59647577.0,30517366.0,29130211.0,11.7,10.2,292365.0,1815326.8
817,UK,2004,59987905.0,30672726.0,29315179.0,11.9,9.7,388291.0,1941265.1
818,UK,2005,60401206.0,30865972.0,29535234.0,12.0,9.6,438311.0,2037200.9
819,UK,2006,60846820.0,31073714.0,29773106.0,12.3,9.4,452918.0,2157333.5
820,UK,2007,61322463.0,31292872.0,30029592.0,12.6,9.4,498368.0,2259235.2
821,UK,2008,61806995.0,31516559.0,30290436.0,12.9,9.4,470696.0,1995854.5
822,UK,2009,62276270.0,31733524.0,30542746.0,12.7,9.0,467854.0,1738066.5
823,UK,2010,62766365.0,31956135.0,30810230.0,12.9,8.9,512335.0,1872175.5
824,UK,2011,63258810.0,32179945.0,31078866.0,12.8,8.7,472556.0,1912869.3
825,UK,2012,63700215.0,32385034.0,31315181.0,12.8,8.9,410254.0,2111028.9
826,UK,2013,64128273.0,32584519.0,31543754.0,12.1,9.0,445861.0,2096338.0
827,UK,2014,64602298.0,32803555.0,31798743.0,12.0,8.8,502190.0,2311080.2
828,UK,2015,65116219.0,33036139.0,32080080.0,11.9,9.2,525651.0,2644716.5
829,UK,2016,65611593.0,33258694.0,32352899.0,11.8,9.1,465098.0,2434119.2
830,UK,2017,66058859.0,33464012.0,32594847.0,11.4,9.2,429434.0,2359789.9
831,UK,2018,66460344.0,33654848.0,32805496.0,11.0,9.2,373536.0,2420897.2
832,UK,2019,66836327.0,,,10.7,9.0,378430.0,2526615.2
833,UK,2020,,,,,,,
834,Ukraine,2001,48452256.0,26028896.0,22423360.0,7.8,15.4,-422707.0,
835,Ukraine,2002,48032005.0,25817580.0,22214426.0,8.1,15.7,-417794.0,
836,Ukraine,2003,47632594.0,25612922.0,22019672.0,8.6,16.1,-381029.0,
837,Ukraine,2004,47271271.0,25430870.0,21840401.0,9.0,16.1,-341617.0,
838,Ukraine,2005,46924816.0,25260486.0,21664330.0,9.1,16.7,-351292.0,
839,Ukraine,2006,46607431.0,25102757.0,21504674.0,9.9,16.3,-283479.0,
840,Ukraine,2007,46329000.0,24962821.0,21366179.0,10.2,16.5,-273382.0,
841,Ukraine,2008,46077834.0,24836529.0,21241305.0,11.1,16.4,-228950.0,
842,Ukraine,2009,45872976.0,24726976.0,21146000.0,11.2,15.4,-180767.0,
843,Ukraine,2010,45690386.0,24620544.0,21069842.0,10.9,15.3,-184413.0,
844,Ukraine,2011,45525731.0,24521067.0,21004664.0,11.0,14.6,-144897.0,
845,Ukraine,2012,45412987.0,24443259.0,20969728.0,11.5,14.6,-80590.0,
846,Ukraine,2013,45309293.0,24368777.0,20940516.0,11.1,14.6,-126798.0,
847,Ukraine,2014,,,,,,,
848,Ukraine,2015,42675270.0,22922417.0,19752854.0,9.6,13.9,-168782.0,
849,Ukraine,2016,42502892.0,22821662.0,19681231.0,9.3,13.7,-175974.0,
850,Ukraine,2017,42315836.0,22714456.0,19601380.0,8.6,13.6,-198139.0,
851,Ukraine,2018,42100165.0,22593439.0,19506726.0,8.0,14.0,-233202.0,
852,Ukraine,2019,41858172.0,22458816.0,19399356.0,7.4,13.9,-250785.0,
853,Ukraine,2020,41575748.0,22306340.0,19269408.0,7.1,14.8,-314062.0,
854,Ukraine,2021,41208208.0,22107030.0,19101178.0,6.6,17.3,-421019.0,
855,Ukraine,2022,,,,,,,
