,COUNTRY,YEAR,DEATH,FAVG,FDEATH,FLBIRTH,LBIRTH,MDEATH,MLBIRTH
0,Albania,2001,15813.0,,6653.0,25219.0,53205.0,9160.0,27986.0
1,Albania,2002,16248.0,1529372.0,7125.0,20158.0,42527.0,9123.0,22369.0
2,Albania,2003,17967.0,1523331.0,7929.0,21479.0,45313.0,10038.0,23834.0
3,Albania,2004,17749.0,1516613.0,7800.0,19224.0,40989.0,9949.0,21765.0
4,Albania,2005,17124.0,1508357.0,7598.0,18282.0,38898.0,9526.0,20616.0
5,Albania,2006,16682.0,1498204.0,7600.0,16761.0,35891.0,9082.0,19130.0
6,Albania,2007,14528.0,1486399.0,6448.0,16121.0,34448.0,8080.0,18327.0
7,Albania,2008,15926.0,1474647.0,7015.0,15820.0,33445.0,8911.0,17625.0
8,Albania,2009,20428.0,1463980.0,9173.0,16034.0,34114.0,11255.0,18080.0
9,Albania,2010,20107.0,1455358.0,9201.0,15998.0,34061.0,10906.0,18063.0
10,Albania,2011,20012.0,1447963.0,9158.0,16436.0,34285.0,10854.0,17849.0
11,Albania,2012,20870.0,1440714.0,9700.0,16995.0,35473.0,11170.0,18478.0
12,Albania,2013,20442.0,1434010.0,9452.0,17089.0,35750.0,10990.0,18661.0
13,Albania,2014,20656.0,1427712.0,9545.0,17077.0,35760.0,11111.0,18683.0
14,Albania,2015,22418.0,1420869.0,10581.0,15612.0,32715.0,11837.0,17103.0
15,Albania,2016,21388.0,1420096.0,10105.0,15332.0,31733.0,11283.0,16401.0
16,Albania,2017,22232.0,1427383.0,10622.0,14661.0,30869.0,11610.0,16208.0
17,Albania,2018,21804.0,1432274.0,10137.0,13909.0,28934.0,11667.0,15025.0
18,Albania,2019,21937.0,1429088.0,10156.0,13668.0,28561.0,11781.0,14893.0
19,Albania,2020,27605.0,1422551.0,12101.0,13589.0,28075.0,15504.0,14486.0
20,Albania,2021,30507.0,,,,27211.0,,
21,Albania,2022,23998.0,,,,24688.0,,
22,Austria,2001,74767.0,4148374.0,40267.0,36900.0,75458.0,34500.0,38600.0
23,Austria,2002,76131.0,4163790.0,40965.0,38300.0,78399.0,35166.0,40100.0
24,Austria,2003,77209.0,4180324.0,41761.0,37400.0,76944.0,35448.0,39500.0
25,Austria,2004,74292.0,4203233.0,39676.0,38428.0,78968.0,34616.0,40540.0
26,Austria,2005,75189.0,4228224.0,40203.0,38312.0,78190.0,34986.0,39878.0
27,Austria,2006,74295.0,4246438.0,39538.0,38169.0,77914.0,34757.0,39745.0
28,Austria,2007,74625.0,4259211.0,39647.0,37310.0,76250.0,34978.0,38940.0
29,Austria,2008,75083.0,4271784.0,39927.0,37626.0,77752.0,35156.0,40126.0
30,Austria,2009,77381.0,4281755.0,40751.0,37272.0,76344.0,36630.0,39072.0
31,Austria,2010,77199.0,4290868.0,40507.0,38411.0,78742.0,36692.0,40331.0
32,Austria,2011,76479.0,4303135.0,39940.0,37714.0,78109.0,36539.0,40395.0
33,Austria,2012,79436.0,4319108.0,41989.0,38130.0,78952.0,37447.0,40822.0
34,Austria,2013,79526.0,4340343.0,41568.0,38377.0,79330.0,37958.0,40953.0
35,Austria,2014,78252.0,4368488.0,40828.0,39560.0,81722.0,37424.0,42162.0
36,Austria,2015,83073.0,4406224.0,43213.0,40777.0,84381.0,39860.0,43604.0
37,Austria,2016,80669.0,4444171.0,41647.0,42624.0,87675.0,39022.0,45051.0
38,Austria,2017,83270.0,4472087.0,43368.0,42380.0,87633.0,39902.0,45253.0
39,Austria,2018,83975.0,4492746.0,43124.0,41739.0,85535.0,40851.0,43796.0
40,Austria,2019,83386.0,4512017.0,42612.0,41372.0,84952.0,40774.0,43580.0
41,Austria,2020,91599.0,4529002.0,46227.0,40669.0,83603.0,45372.0,42934.0
42,Austria,2021,91962.0,4544578.0,45952.0,41841.0,86078.0,46010.0,44237.0
43,Austria,2022,93332.0,,,,82627.0,,
44,Belgium,2001,103447.0,5256416.0,51941.0,56335.0,115372.0,51506.0,59037.0
45,Belgium,2002,105642.0,5278198.0,53206.0,55088.0,113096.0,52436.0,58008.0
46,Belgium,2003,107039.0,5299102.0,54430.0,55676.0,114005.0,52609.0,58329.0
47,Belgium,2004,101256.0,5321886.0,50885.0,,117295.0,50371.0,
48,Belgium,2005,103278.0,5351044.0,52078.0,58151.0,119622.0,51200.0,61471.0
49,Belgium,2006,101587.0,5385344.0,51175.0,59943.0,122529.0,50412.0,62586.0
50,Belgium,2007,100658.0,5422842.0,50854.0,60614.0,124095.0,49804.0,63481.0
51,Belgium,2008,104587.0,5463493.0,52636.0,61835.0,127205.0,51951.0,65370.0
52,Belgium,2009,103854.0,5506057.0,52467.0,62030.0,127198.0,51387.0,65168.0
53,Belgium,2010,105152.0,5554358.0,53086.0,63573.0,130100.0,52066.0,66527.0
54,Belgium,2011,104292.0,5617261.0,52834.0,62814.0,128705.0,51458.0,65891.0
55,Belgium,2012,109076.0,5650360.0,55246.0,62713.0,128051.0,53830.0,65338.0
56,Belgium,2013,109334.0,5676083.0,55426.0,61235.0,125606.0,53908.0,64371.0
57,Belgium,2014,104755.0,5700127.0,53176.0,60841.0,125014.0,51579.0,64173.0
58,Belgium,2015,110541.0,5727530.0,56910.0,59713.0,122274.0,53631.0,62561.0
59,Belgium,2016,108097.0,5752154.0,54771.0,59468.0,121896.0,53326.0,62428.0
60,Belgium,2017,109666.0,5773413.0,55841.0,58511.0,119690.0,53825.0,61179.0
61,Belgium,2018,110693.0,5797532.0,56601.0,57921.0,118319.0,54092.0,60398.0
62,Belgium,2019,108783.0,5825954.0,55569.0,57783.0,117695.0,53214.0,59912.0
63,Belgium,2020,126896.0,5847754.0,64688.0,55843.0,114350.0,62208.0,58507.0
64,Belgium,2021,112331.0,5869136.0,55593.0,57840.0,118349.0,56738.0,60509.0
65,Belgium,2022,116424.0,,,,114095.0,,
66,Bosnia and Herzegovina,2001,30325.0,1938736.0,,18300.0,37717.0,,19400.0
67,Bosnia and Herzegovina,2002,30831.0,1949097.0,,,36485.0,,
68,Bosnia and Herzegovina,2003,31757.0,1955280.0,15167.0,,35234.0,16590.0,
69,Bosnia and Herzegovina,2004,31825.0,1958387.0,15452.0,,34167.0,16373.0,
70,Bosnia and Herzegovina,2005,34402.0,1959722.0,16384.0,,34627.0,18018.0,
71,Bosnia and Herzegovina,2006,33221.0,1960101.0,15913.0,,34033.0,17308.0,
72,Bosnia and Herzegovina,2007,35044.0,1960405.0,16890.0,16301.0,33835.0,18154.0,17534.0
73,Bosnia and Herzegovina,2008,34026.0,1963174.0,16339.0,16591.0,34176.0,17687.0,17585.0
74,Bosnia and Herzegovina,2009,34904.0,1965999.0,17020.0,16549.0,34550.0,17884.0,18001.0
75,Bosnia and Herzegovina,2010,35118.0,1965856.0,17218.0,16251.0,33528.0,17900.0,17277.0
76,Bosnia and Herzegovina,2011,35522.0,1964678.0,17164.0,15390.0,31875.0,18358.0,16485.0
77,Bosnia and Herzegovina,2012,35817.0,1962848.0,17381.0,15757.0,32547.0,18436.0,16790.0
78,Bosnia and Herzegovina,2013,35662.0,,,,30684.0,,
79,Bosnia and Herzegovina,2014,34824.0,,,,29247.0,,
80,Bosnia and Herzegovina,2016,35530.0,,,,29276.0,,
81,Bosnia and Herzegovina,2017,36336.0,,,,29158.0,,
82,Bosnia and Herzegovina,2018,37744.0,,,,29467.0,,
83,Bulgaria,2001,112368.0,4108861.0,52223.0,33100.0,68180.0,60145.0,35100.0
84,Bulgaria,2002,112617.0,4019484.0,52675.0,32000.0,66499.0,59942.0,34500.0
85,Bulgaria,2003,111927.0,3988156.0,51935.0,32700.0,67359.0,59992.0,34700.0
86,Bulgaria,2004,110110.0,3958736.0,50854.0,33860.0,69886.0,59256.0,36026.0
87,Bulgaria,2005,113374.0,3929605.0,52613.0,34597.0,71075.0,60761.0,36478.0
88,Bulgaria,2006,113438.0,3900426.0,52935.0,35870.0,73978.0,60503.0,38108.0
89,Bulgaria,2007,113004.0,3871865.0,53181.0,36527.0,75349.0,59823.0,38822.0
90,Bulgaria,2008,110523.0,3844450.0,52220.0,37726.0,77712.0,58303.0,39986.0
91,Bulgaria,2009,108068.0,3819536.0,51219.0,39644.0,80956.0,56849.0,41312.0
92,Bulgaria,2010,110165.0,3794157.0,52524.0,36677.0,75513.0,57641.0,38836.0
93,Bulgaria,2011,108258.0,3770481.0,51624.0,34313.0,70846.0,56634.0,36533.0
94,Bulgaria,2012,109281.0,3749968.0,52579.0,33459.0,69121.0,56702.0,35662.0
95,Bulgaria,2013,104345.0,3730106.0,49518.0,32534.0,66578.0,54827.0,34044.0
96,Bulgaria,2014,108952.0,3710458.0,52322.0,32850.0,67585.0,56630.0,34735.0
97,Bulgaria,2015,110117.0,3688395.0,53077.0,31881.0,65950.0,57040.0,34069.0
98,Bulgaria,2016,107580.0,3664244.0,51458.0,31609.0,64984.0,56122.0,33375.0
99,Bulgaria,2017,109791.0,3639753.0,53010.0,31168.0,63955.0,56781.0,32787.0
100,Bulgaria,2018,108526.0,3615982.0,52159.0,30053.0,62197.0,56367.0,32144.0
101,Bulgaria,2019,108083.0,3593087.0,51965.0,30023.0,61538.0,56118.0,31515.0
102,Bulgaria,2020,124735.0,3574335.0,58785.0,28714.0,59086.0,65950.0,30372.0
103,Bulgaria,2021,148995.0,3547230.0,71696.0,28605.0,58678.0,77299.0,30073.0
104,Bulgaria,2022,118814.0,,,,56596.0,,
105,Croatia,2001,49552.0,2233888.0,24475.0,,40993.0,25077.0,
106,Croatia,2002,50569.0,2236733.0,24838.0,19500.0,40094.0,25731.0,20600.0
107,Croatia,2003,52575.0,2236942.0,26056.0,19300.0,39668.0,26519.0,20400.0
108,Croatia,2004,49756.0,2237732.0,24449.0,19432.0,40307.0,25307.0,20875.0
109,Croatia,2005,51790.0,2238567.0,25724.0,20742.0,42492.0,26066.0,21750.0
110,Croatia,2006,50378.0,2237952.0,25049.0,19977.0,41446.0,25329.0,21469.0
111,Croatia,2007,52367.0,2236164.0,26067.0,20450.0,41910.0,26300.0,21460.0
112,Croatia,2008,52151.0,2234004.0,25922.0,21271.0,43753.0,26229.0,22482.0
113,Croatia,2009,52414.0,2230613.0,26395.0,21700.0,44577.0,26019.0,22877.0
114,Croatia,2010,52096.0,2224651.0,26413.0,20938.0,43361.0,25683.0,22423.0
115,Croatia,2011,51019.0,2217390.0,25835.0,20020.0,41197.0,25184.0,21177.0
116,Croatia,2012,51710.0,2209666.0,25934.0,20084.0,41771.0,25776.0,21687.0
117,Croatia,2013,50386.0,2201359.0,25398.0,19208.0,39939.0,24988.0,20731.0
118,Croatia,2014,50839.0,2191575.0,25874.0,19192.0,39566.0,24965.0,20374.0
119,Croatia,2015,54205.0,2176981.0,27791.0,18124.0,37503.0,26414.0,19379.0
120,Croatia,2016,51542.0,2158438.0,26198.0,18465.0,37537.0,25344.0,19072.0
121,Croatia,2017,53477.0,2136349.0,27616.0,17711.0,36556.0,25861.0,18845.0
122,Croatia,2018,52706.0,2113684.0,26742.0,17867.0,36945.0,25964.0,19078.0
123,Croatia,2019,51794.0,2095095.0,26442.0,17657.0,36135.0,25352.0,18478.0
124,Croatia,2020,57023.0,2078970.0,28930.0,17456.0,35845.0,28093.0,18389.0
125,Croatia,2021,62712.0,2035719.0,31575.0,17540.0,36508.0,31137.0,18968.0
126,Croatia,2022,56979.0,,,,33883.0,,
127,Cyprus,2001,4827.0,357079.0,2262.0,3800.0,8167.0,2565.0,4100.0
128,Cyprus,2002,5168.0,361472.0,2416.0,3800.0,7883.0,2752.0,4100.0
129,Cyprus,2003,5200.0,365957.0,2436.0,3900.0,8088.0,2764.0,4200.0
130,Cyprus,2004,5225.0,371039.0,2400.0,4052.0,8309.0,2825.0,4257.0
131,Cyprus,2005,5425.0,376589.0,2590.0,4018.0,8243.0,2835.0,4225.0
132,Cyprus,2006,5127.0,382917.0,2504.0,4172.0,8731.0,2623.0,4559.0
133,Cyprus,2007,5391.0,391139.0,2570.0,4109.0,8575.0,2821.0,4466.0
134,Cyprus,2008,5194.0,401440.0,2454.0,4478.0,9205.0,2740.0,4727.0
135,Cyprus,2009,5182.0,413270.0,2402.0,4704.0,9608.0,2780.0,4904.0
136,Cyprus,2010,5103.0,425264.0,2371.0,4807.0,9801.0,2732.0,4994.0
137,Cyprus,2011,5504.0,437006.0,2676.0,4731.0,9622.0,2828.0,4891.0
138,Cyprus,2012,5665.0,443930.0,2682.0,4857.0,10161.0,2983.0,5304.0
139,Cyprus,2013,5141.0,442652.0,2343.0,4605.0,9341.0,2798.0,4736.0
140,Cyprus,2014,5424.0,437823.0,2585.0,4391.0,9258.0,2839.0,4867.0
141,Cyprus,2015,5859.0,435405.0,2802.0,4346.0,9170.0,3057.0,4824.0
142,Cyprus,2016,5471.0,436883.0,2545.0,4568.0,9455.0,2926.0,4887.0
143,Cyprus,2017,5996.0,440434.0,2838.0,4464.0,9229.0,3158.0,4765.0
144,Cyprus,2018,5768.0,445398.0,2735.0,4558.0,9329.0,3033.0,4771.0
145,Cyprus,2019,6239.0,450801.0,2946.0,4698.0,9548.0,3293.0,4850.0
146,Cyprus,2020,6422.0,455946.0,3038.0,4740.0,9930.0,3384.0,5190.0
147,Cyprus,2021,7202.0,460990.0,3381.0,5039.0,10309.0,3821.0,5270.0
148,Cyprus,2022,7255.0,,,,10151.0,,
149,Czech Republic,2001,107755.0,5242669.0,53983.0,44100.0,90715.0,53772.0,46600.0
150,Czech Republic,2002,108243.0,5233310.0,53866.0,45100.0,92786.0,54377.0,47700.0
151,Czech Republic,2003,111288.0,5229578.0,55408.0,45600.0,93685.0,55880.0,48100.0
152,Czech Republic,2004,107177.0,5228202.0,52987.0,47402.0,97664.0,54190.0,50262.0
153,Czech Republic,2005,107938.0,5231062.0,53866.0,49758.0,102211.0,54072.0,52453.0
154,Czech Republic,2006,104441.0,5238782.0,51735.0,51219.0,105831.0,52706.0,54612.0
155,Czech Republic,2007,104636.0,5260972.0,51917.0,56157.0,114632.0,52719.0,58475.0
156,Czech Republic,2008,104948.0,5293705.0,51872.0,58244.0,119570.0,53076.0,61326.0
157,Czech Republic,2009,107421.0,5317514.0,53341.0,57980.0,118348.0,54080.0,60368.0
158,Czech Republic,2010,106844.0,5332711.0,52694.0,56933.0,117153.0,54150.0,60220.0
159,Czech Republic,2011,106848.0,5343368.0,52707.0,52884.0,108673.0,54141.0,55789.0
160,Czech Republic,2012,108189.0,5349506.0,53639.0,53040.0,108576.0,54550.0,55536.0
161,Czech Republic,2013,109160.0,5350908.0,54062.0,52049.0,106751.0,55098.0,54702.0
162,Czech Republic,2014,105665.0,5355694.0,51925.0,53450.0,109860.0,53740.0,56410.0
163,Czech Republic,2015,111173.0,5364431.0,55239.0,53947.0,110764.0,55934.0,56817.0
164,Czech Republic,2016,107750.0,5372823.0,52870.0,54826.0,112663.0,54880.0,57837.0
165,Czech Republic,2017,111443.0,5384199.0,55001.0,55734.0,114405.0,56442.0,58671.0
166,Czech Republic,2018,112920.0,5397935.0,55647.0,55780.0,114036.0,57273.0,58256.0
167,Czech Republic,2019,112362.0,5413775.0,55023.0,54646.0,112231.0,57339.0,57585.0
168,Czech Republic,2020,129289.0,5424309.0,62690.0,53924.0,110200.0,66599.0,56276.0
169,Czech Republic,2021,139891.0,5328433.0,66369.0,54614.0,111793.0,73522.0,57179.0
170,Czech Republic,2022,120219.0,,,,101299.0,,
171,Denmark,2001,58338.0,2709551.0,29934.0,32000.0,65458.0,28404.0,33500.0
172,Denmark,2002,58610.0,2717646.0,30289.0,31200.0,64149.0,28321.0,33000.0
173,Denmark,2003,57574.0,2724295.0,29428.0,31500.0,64682.0,28146.0,33200.0
174,Denmark,2004,55806.0,2730809.0,28309.0,31532.0,64609.0,27497.0,33077.0
175,Denmark,2005,54962.0,2737863.0,28157.0,31455.0,64282.0,26805.0,32827.0
176,Denmark,2006,55477.0,2746018.0,28280.0,31580.0,64984.0,27197.0,33404.0
177,Denmark,2007,55604.0,2756774.0,28559.0,31267.0,64082.0,27045.0,32815.0
178,Denmark,2008,54591.0,2771278.0,27740.0,31507.0,65038.0,26851.0,33531.0
179,Denmark,2009,54872.0,2785442.0,27935.0,30557.0,62818.0,26937.0,32261.0
180,Denmark,2010,54368.0,2797749.0,27606.0,30946.0,63411.0,26762.0,32465.0
181,Denmark,2011,52516.0,2808893.0,26577.0,28984.0,58998.0,25939.0,30014.0
182,Denmark,2012,52325.0,2818758.0,26414.0,28131.0,57916.0,25911.0,29785.0
183,Denmark,2013,52470.0,2829366.0,26359.0,27283.0,55873.0,26111.0,28590.0
184,Denmark,2014,51340.0,2841829.0,25646.0,27616.0,56870.0,25694.0,29254.0
185,Denmark,2015,52555.0,2859033.0,26272.0,28357.0,58205.0,26283.0,29848.0
186,Denmark,2016,52824.0,2878978.0,26408.0,29833.0,61614.0,26416.0,31781.0
187,Denmark,2017,53261.0,2896654.0,26391.0,29930.0,61397.0,26870.0,31467.0
188,Denmark,2018,55232.0,2910863.0,27240.0,29865.0,61476.0,27992.0,31611.0
189,Denmark,2019,53958.0,2921427.0,26503.0,29648.0,61167.0,27455.0,31519.0
190,Denmark,2020,54645.0,2930517.0,26650.0,29762.0,60937.0,27995.0,31175.0
191,Denmark,2021,57152.0,2942847.0,27983.0,30901.0,63473.0,29169.0,32572.0
192,Denmark,2022,59435.0,,,,58430.0,,
193,Estonia,2001,18516.0,741430.0,8989.0,6101.0,12632.0,9527.0,6531.0
194,Estonia,2002,18355.0,737205.0,8986.0,6382.0,13001.0,9369.0,6619.0
195,Estonia,2003,18152.0,733000.0,8960.0,6409.0,13036.0,9192.0,6627.0
196,Estonia,2004,17685.0,728970.0,8618.0,6816.0,13992.0,9067.0,7176.0
197,Estonia,2005,17316.0,724955.0,8482.0,6864.0,14350.0,8834.0,7486.0
198,Estonia,2006,17316.0,720715.0,8463.0,7121.0,14877.0,8853.0,7756.0
199,Estonia,2007,17409.0,717525.0,8424.0,7675.0,15775.0,8985.0,8100.0
200,Estonia,2008,16675.0,715405.0,8272.0,7769.0,16028.0,8403.0,8259.0
201,Estonia,2009,16081.0,713455.0,8085.0,7741.0,15763.0,7996.0,8022.0
202,Estonia,2010,15790.0,711225.0,8027.0,7659.0,15825.0,7763.0,8166.0
203,Estonia,2011,15244.0,708520.0,7761.0,7124.0,14679.0,7483.0,7555.0
204,Estonia,2012,15450.0,705543.0,7840.0,6864.0,14056.0,7610.0,7192.0
205,Estonia,2013,15244.0,702454.0,8012.0,6630.0,13531.0,7232.0,6901.0
206,Estonia,2014,15484.0,699891.0,8033.0,6630.0,13551.0,7451.0,6921.0
207,Estonia,2015,15243.0,699701.0,8026.0,6735.0,13907.0,7217.0,7172.0
208,Estonia,2016,15392.0,698667.0,8057.0,6688.0,14053.0,7335.0,7365.0
209,Estonia,2017,15543.0,698073.0,8218.0,6593.0,13784.0,7325.0,7191.0
210,Estonia,2018,15751.0,698617.0,8350.0,7022.0,14367.0,7401.0,7345.0
211,Estonia,2019,15401.0,699442.0,8173.0,6887.0,14099.0,7228.0,7212.0
212,Estonia,2020,15811.0,699426.0,8374.0,6473.0,13209.0,7437.0,6736.0
213,Estonia,2021,18587.0,698767.0,9802.0,6459.0,13272.0,8785.0,6813.0
214,Estonia,2022,17315.0,,,,11646.0,,
215,Finland,2001,48550.0,2654539.0,24767.0,27500.0,56189.0,23783.0,28700.0
216,Finland,2002,49418.0,2659342.0,25426.0,27000.0,55555.0,23992.0,28600.0
217,Finland,2003,48996.0,2664109.0,25074.0,27800.0,56630.0,23922.0,28800.0
218,Finland,2004,47600.0,2670687.0,23798.0,28074.0,57758.0,23802.0,29684.0
219,Finland,2005,47928.0,2678882.0,23871.0,28345.0,57745.0,24057.0,29400.0
220,Finland,2006,48065.0,2688222.0,23750.0,28835.0,58840.0,24315.0,30005.0
221,Finland,2007,49077.0,2698455.0,24268.0,28593.0,58729.0,24809.0,30136.0
222,Finland,2008,49094.0,2709179.0,24637.0,29115.0,59530.0,24457.0,30415.0
223,Finland,2009,49883.0,2720511.0,24733.0,29635.0,60430.0,25150.0,30795.0
224,Finland,2010,50887.0,2731610.0,25348.0,29671.0,60980.0,25539.0,31309.0
225,Finland,2011,50585.0,2742797.0,25250.0,29415.0,59961.0,25335.0,30546.0
226,Finland,2012,51707.0,2754393.0,26084.0,29185.0,59493.0,25623.0,30308.0
227,Finland,2013,51472.0,2765479.0,25841.0,28276.0,58134.0,25631.0,29858.0
228,Finland,2014,52186.0,2775398.0,26438.0,27960.0,57232.0,25748.0,29272.0
229,Finland,2015,52492.0,2782854.0,26500.0,27003.0,55472.0,25992.0,28469.0
230,Finland,2016,53923.0,2788394.0,27001.0,26002.0,52814.0,26922.0,26812.0
231,Finland,2017,53722.0,2792485.0,26827.0,24647.0,50321.0,26895.0,25674.0
232,Finland,2018,54527.0,2794314.0,27343.0,22947.0,47577.0,27184.0,24630.0
233,Finland,2019,53949.0,2795830.0,26867.0,22427.0,45613.0,27082.0,23186.0
234,Finland,2020,55488.0,2798508.0,27523.0,22685.0,46463.0,27965.0,23778.0
235,Finland,2021,57659.0,2802563.0,28502.0,24307.0,49594.0,29157.0,25287.0
236,Finland,2022,63219.0,,,,44951.0,,
237,France,2001,541184.0,31523457.0,263325.0,392914.0,804052.0,277859.0,411138.0
238,France,2002,545353.0,31766706.0,266552.0,387534.0,793606.0,278801.0,406072.0
239,France,2003,562591.0,32004021.0,277857.0,387983.0,793893.0,284734.0,405910.0
240,France,2004,519589.0,32253781.0,250862.0,390018.0,800240.0,268727.0,410222.0
241,France,2005,538207.0,32512772.0,261646.0,394367.0,807787.0,276561.0,413420.0
242,France,2006,527036.0,32740184.0,255269.0,405358.0,830288.0,271767.0,424930.0
243,France,2007,531273.0,32934398.0,257512.0,400029.0,819605.0,273761.0,419576.0
244,France,2008,542734.0,33114605.0,265142.0,406683.0,829311.0,277592.0,422628.0
245,France,2009,548689.0,33279670.0,268887.0,403194.0,825564.0,279802.0,422370.0
246,France,2010,551369.0,33436456.0,269962.0,407384.0,833654.0,281407.0,426270.0
247,France,2011,545221.0,33593710.0,267141.0,403286.0,824263.0,278080.0,420977.0
248,France,2012,569986.0,33749643.0,282660.0,401038.0,821844.0,287326.0,420806.0
249,France,2013,569365.0,33916678.0,281955.0,396581.0,812343.0,287410.0,415762.0
250,France,2014,559435.0,34202373.0,277054.0,400607.0,819328.0,282381.0,418721.0
251,France,2015,593807.0,34337450.0,296779.0,390526.0,799671.0,297028.0,409145.0
252,France,2016,594005.0,34443235.0,296985.0,382937.0,784325.0,297020.0,401388.0
253,France,2017,606410.0,34553729.0,305390.0,375987.0,770045.0,301020.0,394058.0
254,France,2018,609747.0,34675563.0,306010.0,370255.0,759199.0,303737.0,388944.0
255,France,2019,613388.0,34791715.0,308448.0,368668.0,754008.0,304940.0,385340.0
256,France,2020,669064.0,34891818.0,333969.0,359588.0,735775.0,335095.0,376187.0
257,France,2021,661779.0,34987639.0,328101.0,363068.0,742602.0,333678.0,379534.0
258,France,2022,667165.0,,,,723567.0,,
259,Germany,2001,828541.0,42134319.0,444654.0,356900.0,734475.0,383887.0,377600.0
260,Germany,2002,841686.0,42178717.0,452570.0,350000.0,719250.0,389116.0,369300.0
261,Germany,2003,853946.0,42183729.0,457676.0,344000.0,706721.0,396270.0,362700.0
262,Germany,2004,818271.0,42161440.0,434883.0,343605.0,705622.0,383388.0,362017.0
263,Germany,2005,830227.0,42122628.0,441673.0,334038.0,685795.0,388554.0,351757.0
264,Germany,2006,821627.0,42055887.0,435687.0,326908.0,672724.0,385940.0,345816.0
265,Germany,2007,827155.0,41978643.0,436016.0,333023.0,684862.0,391139.0,351839.0
266,Germany,2008,844439.0,41880809.0,446788.0,332652.0,682514.0,397651.0,349862.0
267,Germany,2009,854544.0,41758362.0,449575.0,323877.0,665126.0,404969.0,341249.0
268,Germany,2010,858768.0,41668914.0,449746.0,330710.0,677947.0,409022.0,347237.0
269,Germany,2011,852328.0,41097709.0,444700.0,322786.0,662685.0,407628.0,339899.0
270,Germany,2012,869582.0,41120362.0,453159.0,327915.0,673544.0,416423.0,345629.0
271,Germany,2013,893825.0,41176655.0,464180.0,332249.0,682069.0,429645.0,349820.0
272,Germany,2014,868356.0,41286310.0,446131.0,348092.0,714927.0,422225.0,366835.0
273,Germany,2015,925200.0,41511821.0,475688.0,359097.0,737575.0,449512.0,378478.0
274,Germany,2016,910902.0,41743048.0,462597.0,386554.0,792141.0,448305.0,405587.0
275,Germany,2017,932272.0,41886661.0,474511.0,382384.0,784901.0,457761.0,402517.0
276,Germany,2018,954874.0,42000654.0,484842.0,383471.0,787523.0,470032.0,404052.0
277,Germany,2019,939520.0,42090810.0,473635.0,378798.0,778090.0,465885.0,399292.0
278,Germany,2020,985572.0,42128805.0,492775.0,375759.0,773144.0,492797.0,397385.0
279,Germany,2021,1023687.0,42149426.0,508128.0,387018.0,795492.0,515559.0,408474.0
280,Germany,2022,1066321.0,,,,738856.0,,
281,Greece,2001,102559.0,5506585.0,48706.0,49100.0,102282.0,53853.0,53200.0
282,Greece,2002,103915.0,5514110.0,49509.0,50427.0,103569.0,54406.0,53142.0
283,Greece,2003,105529.0,5527642.0,50587.0,50700.0,104420.0,54942.0,53700.0
284,Greece,2004,104942.0,5542872.0,49858.0,51050.0,105655.0,55084.0,54605.0
285,Greece,2005,105091.0,5561388.0,49656.0,52006.0,107545.0,55435.0,55539.0
286,Greece,2006,105476.0,5582544.0,50186.0,,112042.0,55290.0,
287,Greece,2007,109895.0,5603377.0,52529.0,53967.0,111926.0,57366.0,57959.0
288,Greece,2008,107979.0,5625820.0,51589.0,57336.0,118302.0,56390.0,60966.0
289,Greece,2009,108316.0,5648537.0,51301.0,57101.0,117933.0,57015.0,60832.0
290,Greece,2010,109084.0,5664186.0,52604.0,55639.0,114766.0,56480.0,59127.0
291,Greece,2011,111099.0,5666235.0,53100.0,51566.0,106428.0,57999.0,54862.0
292,Greece,2012,116668.0,5649943.0,56533.0,48717.0,100371.0,60135.0,51654.0
293,Greece,2013,111794.0,5625466.0,54164.0,45704.0,94134.0,57630.0,48430.0
294,Greece,2014,113740.0,5601598.0,55194.0,44765.0,92149.0,58546.0,47384.0
295,Greece,2015,121183.0,5574583.0,59405.0,44553.0,91847.0,61778.0,47294.0
296,Greece,2016,118788.0,5553227.0,58250.0,45016.0,92898.0,60538.0,47882.0
297,Greece,2017,124501.0,5539021.0,61333.0,42867.0,88553.0,63168.0,45686.0
298,Greece,2018,120296.0,5523716.0,58910.0,41915.0,86440.0,61386.0,44525.0
299,Greece,2019,124965.0,5509692.0,61877.0,40818.0,83763.0,63088.0,42945.0
300,Greece,2020,131047.0,5492831.0,64862.0,41233.0,84764.0,66185.0,43531.0
301,Greece,2021,143923.0,5413810.0,70503.0,41348.0,85346.0,73420.0,43998.0
302,Greece,2022,139971.0,,,,75899.0,,
303,Hungary,2001,132183.0,5343580.0,63794.0,47000.0,97047.0,68389.0,50000.0
304,Hungary,2002,132833.0,5330890.0,63996.0,47100.0,96804.0,68837.0,49700.0
305,Hungary,2003,135823.0,5318268.0,65807.0,45800.0,94647.0,70016.0,48900.0
306,Hungary,2004,132492.0,5308532.0,64111.0,46359.0,95137.0,68381.0,48778.0
307,Hungary,2005,135732.0,5298218.0,65951.0,47169.0,97496.0,69781.0,50327.0
308,Hungary,2006,131603.0,5289541.0,63752.0,48755.0,99871.0,67851.0,51116.0
309,Hungary,2007,132938.0,5281460.0,64697.0,47580.0,97613.0,68241.0,50033.0
310,Hungary,2008,130027.0,5271882.0,63758.0,48326.0,99149.0,66269.0,50823.0
311,Hungary,2009,130414.0,5262675.0,64090.0,46877.0,96442.0,66324.0,49565.0
312,Hungary,2010,130456.0,5249623.0,65319.0,44056.0,90335.0,65137.0,46279.0
313,Hungary,2011,128795.0,5233914.0,64912.0,42659.0,88049.0,63883.0,45390.0
314,Hungary,2012,129440.0,5200052.0,65936.0,43595.0,90269.0,63504.0,46674.0
315,Hungary,2013,126677.0,5183410.0,64857.0,43529.0,89524.0,61820.0,45995.0
316,Hungary,2014,126294.0,5166883.0,64296.0,45445.0,93281.0,61998.0,47836.0
317,Hungary,2015,131575.0,5150879.0,68100.0,44785.0,92135.0,63475.0,47350.0
318,Hungary,2016,127098.0,5132118.0,64425.0,46402.0,95361.0,62673.0,48959.0
319,Hungary,2017,131877.0,5114520.0,67706.0,46055.0,94646.0,64171.0,48591.0
320,Hungary,2018,131247.0,5101852.0,67108.0,45459.0,93467.0,64139.0,48008.0
321,Hungary,2019,129892.0,5092836.0,66874.0,45116.0,93100.0,63018.0,47984.0
322,Hungary,2020,141326.0,5077857.0,72468.0,45534.0,93807.0,68858.0,48273.0
323,Hungary,2021,156131.0,5055557.0,78730.0,45520.0,94003.0,77401.0,48483.0
324,Hungary,2022,136823.0,,,,89669.0,,
325,Iceland,2001,1725.0,142308.0,801.0,2000.0,4091.0,924.0,2100.0
326,Iceland,2002,1821.0,143655.0,886.0,2000.0,4049.0,935.0,2100.0
327,Iceland,2003,1827.0,144677.0,926.0,2000.0,4143.0,901.0,2100.0
328,Iceland,2004,1824.0,145788.0,861.0,2058.0,4234.0,963.0,2176.0
329,Iceland,2005,1838.0,147548.0,893.0,2097.0,4280.0,945.0,2183.0
330,Iceland,2006,1903.0,149893.0,944.0,2157.0,4415.0,959.0,2258.0
331,Iceland,2007,1943.0,152830.0,941.0,2201.0,4560.0,1002.0,2359.0
332,Iceland,2008,1987.0,155932.0,1005.0,2365.0,4835.0,982.0,2470.0
333,Iceland,2009,2002.0,157497.0,969.0,2465.0,5026.0,1033.0,2561.0
334,Iceland,2010,2020.0,158070.0,955.0,2384.0,4907.0,1065.0,2523.0
335,Iceland,2011,1986.0,158829.0,987.0,2166.0,4492.0,999.0,2326.0
336,Iceland,2012,1955.0,159815.0,1002.0,2216.0,4533.0,953.0,2317.0
337,Iceland,2013,2154.0,161386.0,1063.0,2197.0,4326.0,1091.0,2129.0
338,Iceland,2014,2049.0,163134.0,999.0,2142.0,4375.0,1050.0,2233.0
339,Iceland,2015,2178.0,164587.0,1114.0,2010.0,4129.0,1064.0,2119.0
340,Iceland,2016,2309.0,166288.0,1112.0,1992.0,4034.0,1197.0,2042.0
341,Iceland,2017,2238.0,169083.0,1114.0,1959.0,4071.0,1124.0,2112.0
342,Iceland,2018,2254.0,172502.0,1115.0,1986.0,4228.0,1139.0,2242.0
343,Iceland,2019,2275.0,175674.0,1118.0,2185.0,4452.0,1157.0,2267.0
344,Iceland,2020,2304.0,178471.0,1138.0,2127.0,4512.0,1166.0,2385.0
345,Iceland,2021,2333.0,181451.0,1156.0,2303.0,4879.0,1177.0,2576.0
346,Iceland,2022,2693.0,,,,4391.0,,
347,Ireland,2001,30212.0,1944499.0,14521.0,,57854.0,15691.0,
348,Ireland,2002,29683.0,1978381.0,14293.0,,60503.0,15390.0,
349,Ireland,2003,29074.0,2010327.0,14192.0,,61529.0,14882.0,
350,Ireland,2004,28665.0,2044006.0,13864.0,,61972.0,14801.0,
351,Ireland,2005,28260.0,2083515.0,13848.0,,61372.0,14412.0,
352,Ireland,2006,28488.0,2136018.0,13883.0,,65425.0,14605.0,
353,Ireland,2007,28117.0,2199170.0,13726.0,34902.0,71389.0,14391.0,36487.0
354,Ireland,2008,28274.0,2249838.0,13817.0,36554.0,75173.0,14457.0,38619.0
355,Ireland,2009,28380.0,2278559.0,13653.0,36872.0,75554.0,14727.0,38682.0
356,Ireland,2010,27961.0,2294955.0,13627.0,36779.0,75174.0,14334.0,38395.0
357,Ireland,2011,28456.0,2308372.0,13964.0,36135.0,74033.0,14492.0,37898.0
358,Ireland,2012,29186.0,2320803.0,14241.0,34784.0,71674.0,14945.0,36890.0
359,Ireland,2013,29504.0,2334160.0,14546.0,33614.0,68954.0,14958.0,35340.0
360,Ireland,2014,29252.0,2353144.0,14355.0,32614.0,67295.0,14897.0,34681.0
361,Ireland,2015,30127.0,2375715.0,14899.0,32056.0,65536.0,15228.0,33480.0
362,Ireland,2016,30667.0,2401805.0,15047.0,31132.0,63841.0,15620.0,32709.0
363,Ireland,2017,30317.0,2427317.0,14892.0,30045.0,61824.0,15425.0,31779.0
364,Ireland,2018,31140.0,2456764.0,15095.0,29716.0,61022.0,16045.0,31306.0
365,Ireland,2019,30959.0,2491071.0,14837.0,29019.0,59289.0,16122.0,30270.0
366,Ireland,2020,32387.0,2517652.0,15639.0,27057.0,55959.0,16748.0,28902.0
367,Ireland,2021,34292.0,2542409.0,16356.0,29584.0,60553.0,17936.0,30969.0
368,Ireland,2022,35124.0,,,,57634.0,,
369,Italy,2001,548254.0,29393412.0,273483.0,260091.0,535282.0,274771.0,275191.0
370,Italy,2002,557393.0,29437157.0,279093.0,261686.0,538198.0,278300.0,276512.0
371,Italy,2003,586468.0,29561078.0,297596.0,264546.0,544063.0,288872.0,279517.0
372,Italy,2004,546658.0,29740421.0,273144.0,273749.0,562599.0,273514.0,288850.0
373,Italy,2005,567304.0,29878090.0,287455.0,268325.0,554022.0,279849.0,285697.0
374,Italy,2006,557892.0,29968574.0,282144.0,271509.0,560010.0,275748.0,288501.0
375,Italy,2007,570801.0,30126572.0,291009.0,273603.0,563933.0,279792.0,290330.0
376,Italy,2008,585126.0,30336106.0,299643.0,280521.0,576659.0,285483.0,296138.0
377,Italy,2009,591663.0,30485669.0,303808.0,276090.0,568857.0,287855.0,292767.0
378,Italy,2010,587488.0,30595096.0,301394.0,272759.0,561944.0,286094.0,289185.0
379,Italy,2011,593427.0,30658521.0,305831.0,265515.0,546585.0,287596.0,281070.0
380,Italy,2012,612883.0,30731619.0,317628.0,259573.0,534186.0,295255.0,274613.0
381,Italy,2013,600744.0,31046867.0,310390.0,250048.0,514308.0,290354.0,264260.0
382,Italy,2014,598364.0,31296063.0,309184.0,244054.0,502596.0,289180.0,258542.0
383,Italy,2015,647571.0,31251626.0,339607.0,235830.0,485780.0,307964.0,249950.0
384,Italy,2016,615261.0,31176467.0,319486.0,230358.0,473438.0,295775.0,243080.0
385,Italy,2017,649061.0,31100035.0,339556.0,222418.0,458151.0,309505.0,235733.0
386,Italy,2018,633133.0,30870922.0,330638.0,213530.0,439747.0,302495.0,226217.0
387,Italy,2019,634417.0,30638435.0,330765.0,204697.0,420084.0,303652.0,215387.0
388,Italy,2020,740317.0,30480690.0,380899.0,196461.0,404892.0,359418.0,208431.0
389,Italy,2021,701346.0,30290582.0,361136.0,195060.0,400249.0,340210.0,205189.0
390,Italy,2022,713499.0,,,,392598.0,,
391,Latvia,2001,32991.0,1262564.0,16454.0,9709.0,19726.0,16537.0,10017.0
392,Latvia,2002,32498.0,1249636.0,16075.0,9814.0,20127.0,16423.0,10313.0
393,Latvia,2003,32437.0,1238309.0,16544.0,10224.0,21151.0,15893.0,10927.0
394,Latvia,2004,32024.0,1224835.0,16134.0,9956.0,20551.0,15890.0,10595.0
395,Latvia,2005,32777.0,1211716.0,16176.0,10697.0,21879.0,16601.0,11182.0
396,Latvia,2006,33098.0,1200433.0,16477.0,11229.0,22871.0,16621.0,11642.0
397,Latvia,2007,33042.0,1189909.0,16682.0,11763.0,23958.0,16360.0,12195.0
398,Latvia,2008,31006.0,1177478.0,15574.0,11955.0,24397.0,15432.0,12442.0
399,Latvia,2009,29897.0,1159880.0,15358.0,10842.0,22044.0,14539.0,11202.0
400,Latvia,2010,30040.0,1138120.0,15479.0,9535.0,19781.0,14561.0,10246.0
401,Latvia,2011,28540.0,1118334.0,14683.0,9176.0,18825.0,13857.0,9649.0
402,Latvia,2012,29025.0,1103623.0,15224.0,9640.0,19897.0,13801.0,10257.0
403,Latvia,2013,28691.0,1090834.0,15173.0,10138.0,20596.0,13518.0,10458.0
404,Latvia,2014,28466.0,1079656.0,14743.0,10516.0,21746.0,13723.0,11230.0
405,Latvia,2015,28478.0,1069774.0,15145.0,10537.0,21979.0,13333.0,11442.0
406,Latvia,2016,28580.0,1059546.0,15058.0,10583.0,21968.0,13522.0,11385.0
407,Latvia,2017,28757.0,1049586.0,15168.0,10031.0,20828.0,13589.0,10797.0
408,Latvia,2018,28820.0,1039899.0,15274.0,9319.0,19314.0,13546.0,9995.0
409,Latvia,2019,27719.0,1030889.0,14741.0,9157.0,18786.0,12978.0,9629.0
410,Latvia,2020,28854.0,1022359.0,15384.0,8516.0,17552.0,13470.0,9036.0
411,Latvia,2021,34600.0,1012349.0,18413.0,8451.0,17420.0,16187.0,8969.0
412,Latvia,2022,30731.0,,,,15954.0,,
413,Liechtenstein,2001,220.0,16957.0,108.0,200.0,401.0,112.0,200.0
414,Liechtenstein,2002,215.0,17160.0,106.0,200.0,395.0,109.0,200.0
415,Liechtenstein,2003,217.0,17323.0,114.0,200.0,347.0,103.0,200.0
416,Liechtenstein,2004,198.0,17482.0,93.0,186.0,372.0,105.0,186.0
417,Liechtenstein,2005,215.0,17626.0,102.0,194.0,381.0,113.0,187.0
418,Liechtenstein,2006,220.0,17763.0,115.0,,361.0,105.0,
419,Liechtenstein,2007,227.0,17867.0,112.0,167.0,351.0,115.0,184.0
420,Liechtenstein,2008,205.0,17953.0,101.0,160.0,350.0,104.0,190.0
421,Liechtenstein,2009,229.0,18062.0,114.0,180.0,406.0,115.0,226.0
422,Liechtenstein,2010,238.0,18194.0,123.0,164.0,329.0,115.0,165.0
423,Liechtenstein,2011,248.0,18348.0,122.0,192.0,395.0,126.0,203.0
424,Liechtenstein,2012,224.0,18512.0,108.0,168.0,357.0,116.0,189.0
425,Liechtenstein,2013,246.0,18660.0,123.0,160.0,339.0,123.0,179.0
426,Liechtenstein,2014,268.0,18771.0,147.0,164.0,372.0,121.0,208.0
427,Liechtenstein,2015,252.0,18888.0,130.0,148.0,325.0,122.0,177.0
428,Liechtenstein,2016,271.0,19013.0,129.0,186.0,378.0,142.0,192.0
429,Liechtenstein,2017,249.0,19144.0,122.0,162.0,338.0,127.0,176.0
430,Liechtenstein,2018,274.0,19289.0,131.0,186.0,378.0,143.0,192.0
431,Liechtenstein,2019,263.0,19443.0,134.0,174.0,356.0,129.0,182.0
432,Liechtenstein,2020,319.0,19610.0,155.0,188.0,353.0,164.0,165.0
433,Liechtenstein,2021,271.0,19750.0,133.0,181.0,375.0,138.0,194.0
434,Liechtenstein,2022,279.0,,,,364.0,,
435,Lithuania,2001,40399.0,1848576.0,18828.0,15232.0,31185.0,21571.0,15953.0
436,Lithuania,2002,41072.0,1835741.0,19256.0,14308.0,29541.0,21816.0,15233.0
437,Lithuania,2003,40990.0,1822655.0,19131.0,14477.0,29977.0,21859.0,15500.0
438,Lithuania,2004,41340.0,1803934.0,19473.0,14603.0,29769.0,21867.0,15166.0
439,Lithuania,2005,43799.0,1777164.0,20415.0,14442.0,29510.0,23384.0,15068.0
440,Lithuania,2006,44813.0,1752281.0,21004.0,14585.0,29606.0,23809.0,15021.0
441,Lithuania,2007,45624.0,1615990.0,20941.0,14672.0,30020.0,24683.0,15348.0
442,Lithuania,2008,43832.0,1717845.0,20914.0,15295.0,31536.0,22918.0,16241.0
443,Lithuania,2009,42032.0,1701141.0,20204.0,15646.0,32165.0,21828.0,16519.0
444,Lithuania,2010,42120.0,1668571.0,20584.0,14945.0,30676.0,21536.0,15731.0
445,Lithuania,2011,41037.0,1632748.0,20093.0,14612.0,30268.0,20944.0,15656.0
446,Lithuania,2012,40938.0,1611572.0,20247.0,14899.0,30459.0,20691.0,15560.0
447,Lithuania,2013,41511.0,1595246.0,20722.0,14664.0,29885.0,20789.0,15221.0
448,Lithuania,2014,40252.0,1581241.0,20142.0,14804.0,30369.0,20110.0,15565.0
449,Lithuania,2015,41776.0,1566978.0,21247.0,15274.0,31475.0,20529.0,16201.0
450,Lithuania,2016,41106.0,1547335.0,20778.0,14776.0,30623.0,20328.0,15847.0
451,Lithuania,2017,40142.0,1523663.0,20856.0,13921.0,28696.0,19286.0,14775.0
452,Lithuania,2018,39574.0,1505101.0,20550.0,13787.0,28149.0,19024.0,14362.0
453,Lithuania,2019,38281.0,1494165.0,19788.0,13307.0,27393.0,18493.0,14086.0
454,Lithuania,2020,43547.0,1485909.0,22230.0,12115.0,25144.0,21317.0,13029.0
455,Lithuania,2021,47746.0,1490741.0,24857.0,11439.0,23330.0,22889.0,11891.0
456,Lithuania,2022,42884.0,,,,22068.0,,
457,Luxembourg,2001,3719.0,223963.0,1902.0,2700.0,5459.0,1817.0,2800.0
458,Luxembourg,2002,3744.0,226259.0,1850.0,2600.0,5345.0,1894.0,2700.0
459,Luxembourg,2003,4053.0,228772.0,2048.0,2500.0,5303.0,2005.0,2800.0
460,Luxembourg,2004,3578.0,231663.0,1765.0,2629.0,5452.0,1813.0,2823.0
461,Luxembourg,2005,3621.0,235030.0,1841.0,2587.0,5371.0,1780.0,2784.0
462,Luxembourg,2006,3766.0,238691.0,1954.0,2688.0,5514.0,1812.0,2826.0
463,Luxembourg,2007,3866.0,242294.0,1934.0,2723.0,5477.0,1932.0,2754.0
464,Luxembourg,2008,3595.0,246429.0,1846.0,2722.0,5596.0,1749.0,2874.0
465,Luxembourg,2009,3655.0,250663.0,1854.0,2722.0,5638.0,1801.0,2916.0
466,Luxembourg,2010,3760.0,254941.0,1857.0,2914.0,5874.0,1903.0,2960.0
467,Luxembourg,2011,3819.0,260127.0,1924.0,2726.0,5639.0,1895.0,2913.0
468,Luxembourg,2012,3876.0,265830.0,1979.0,2937.0,6026.0,1897.0,3089.0
469,Luxembourg,2013,3822.0,271595.0,1958.0,2986.0,6115.0,1864.0,3129.0
470,Luxembourg,2014,3841.0,277775.0,1821.0,2931.0,6070.0,2020.0,3139.0
471,Luxembourg,2015,3983.0,284021.0,2017.0,2947.0,6115.0,1966.0,3168.0
472,Luxembourg,2016,3967.0,289760.0,1927.0,2973.0,6050.0,2040.0,3077.0
473,Luxembourg,2017,4263.0,296726.0,2132.0,3003.0,6174.0,2131.0,3171.0
474,Luxembourg,2018,4318.0,302300.0,2123.0,3078.0,6274.0,2195.0,3196.0
475,Luxembourg,2019,4283.0,308159.0,2099.0,3123.0,6230.0,2184.0,3107.0
476,Luxembourg,2020,4609.0,313209.0,2234.0,3163.0,6459.0,2375.0,3296.0
477,Luxembourg,2021,4489.0,317804.0,2195.0,3273.0,6690.0,2294.0,3417.0
478,Luxembourg,2022,4449.0,,,,6495.0,,
479,Malta,2001,2904.0,198502.0,1439.0,1900.0,3957.0,1465.0,2000.0
480,Malta,2002,3006.0,199869.0,1421.0,1800.0,3918.0,1585.0,2100.0
481,Malta,2003,3146.0,201114.0,1562.0,2000.0,4050.0,1584.0,2000.0
482,Malta,2004,3006.0,202428.0,1514.0,1876.0,3887.0,1492.0,2011.0
483,Malta,2005,3132.0,203625.0,1555.0,1875.0,3858.0,1577.0,1985.0
484,Malta,2006,3216.0,204129.0,1549.0,1796.0,3779.0,1667.0,1983.0
485,Malta,2007,3111.0,204598.0,1501.0,1785.0,3765.0,1610.0,1980.0
486,Malta,2008,3243.0,205709.0,1575.0,1921.0,4013.0,1668.0,2092.0
487,Malta,2009,3221.0,207072.0,1549.0,1942.0,4029.0,1672.0,2087.0
488,Malta,2010,3010.0,208204.0,1521.0,1898.0,3898.0,1489.0,2000.0
489,Malta,2011,3267.0,209218.0,1603.0,2049.0,4165.0,1664.0,2116.0
490,Malta,2012,3418.0,210989.0,1672.0,1989.0,4130.0,1746.0,2141.0
491,Malta,2013,3236.0,213509.0,1600.0,1923.0,4032.0,1636.0,2109.0
492,Malta,2014,3270.0,217047.0,1615.0,1968.0,4191.0,1655.0,2223.0
493,Malta,2015,3442.0,221611.0,1710.0,2117.0,4325.0,1732.0,2208.0
494,Malta,2016,3342.0,226327.0,1698.0,2111.0,4476.0,1644.0,2365.0
495,Malta,2017,3571.0,231868.0,1756.0,2104.0,4319.0,1815.0,2215.0
496,Malta,2018,3688.0,238413.0,1812.0,2166.0,4444.0,1876.0,2278.0
497,Malta,2019,3688.0,245263.0,1819.0,2090.0,4350.0,1869.0,2260.0
498,Malta,2020,4084.0,248982.0,1968.0,2131.0,4414.0,2116.0,2283.0
499,Malta,2021,4163.0,250033.0,2077.0,2150.0,4395.0,2086.0,2245.0
500,Malta,2022,4230.0,,,,4309.0,,
501,Moldova,2001,40075.0,1892381.0,,,36448.0,,
502,Moldova,2002,41852.0,1887633.0,,,35705.0,,
503,Moldova,2003,43079.0,1882013.0,,,36471.0,,
504,Moldova,2004,41668.0,1877308.0,20001.0,18445.0,38272.0,21667.0,19827.0
505,Moldova,2005,44689.0,1873082.0,21412.0,18311.0,37695.0,23277.0,19384.0
506,Moldova,2006,43137.0,1865324.0,20638.0,18277.0,37587.0,22499.0,19310.0
507,Moldova,2007,43050.0,1857662.0,20812.0,18327.0,37973.0,22238.0,19646.0
508,Moldova,2008,41948.0,1853913.0,20139.0,18920.0,39018.0,21809.0,20098.0
509,Moldova,2009,42139.0,1851395.0,19881.0,19714.0,40803.0,22258.0,21089.0
510,Moldova,2010,43631.0,1849266.0,20498.0,19693.0,40474.0,23133.0,20781.0
511,Moldova,2011,39249.0,1848070.0,18671.0,19006.0,39182.0,20578.0,20176.0
512,Moldova,2012,39560.0,1847484.0,18786.0,19055.0,39435.0,20774.0,20380.0
513,Moldova,2013,38060.0,,,,37871.0,,
514,Moldova,2014,39555.0,,,,40909.0,,
515,Moldova,2015,39848.0,,,,40855.0,,
516,Moldova,2016,38454.0,,,,39961.0,,
517,Moldova,2017,36820.0,,,,36640.0,,
518,Moldova,2018,37307.0,,,,34764.0,,
519,Moldova,2019,36416.0,,,,32022.0,,
520,Moldova,2020,40656.0,,19235.0,14619.0,30730.0,21421.0,16111.0
521,Moldova,2022,36157.0,,,,26952.0,,
522,Monaco,2004,525.0,16988.0,251.0,399.0,825.0,274.0,426.0
523,Monaco,2005,606.0,,292.0,432.0,894.0,314.0,462.0
524,Monaco,2015,289.0,,,,308.0,,
525,Monaco,2016,298.0,,,,295.0,,
526,Monaco,2018,253.0,,,,227.0,,
527,Montenegro,2001,5431.0,308167.0,,,8839.0,,
528,Montenegro,2002,5513.0,309313.0,,,8499.0,,
529,Montenegro,2003,5704.0,310420.0,,,8344.0,,
530,Montenegro,2004,5707.0,311327.0,,,7849.0,,
531,Montenegro,2005,5839.0,311312.0,2757.0,3469.0,7352.0,3082.0,3883.0
532,Montenegro,2006,5968.0,311523.0,2876.0,3562.0,7531.0,3092.0,3969.0
533,Montenegro,2007,5979.0,312205.0,2931.0,3698.0,7834.0,3048.0,4136.0
534,Montenegro,2008,5708.0,312710.0,2726.0,3945.0,8258.0,2982.0,4313.0
535,Montenegro,2009,5862.0,313427.0,2854.0,4045.0,8642.0,3008.0,4597.0
536,Montenegro,2010,5633.0,313752.0,2699.0,3609.0,7418.0,2934.0,3809.0
537,Montenegro,2011,5847.0,313837.0,2757.0,3461.0,7215.0,3090.0,3754.0
538,Montenegro,2012,5922.0,314021.0,2929.0,3570.0,7459.0,2993.0,3889.0
539,Montenegro,2013,5917.0,314229.0,2837.0,3598.0,7475.0,3080.0,3877.0
540,Montenegro,2014,6014.0,314472.0,2882.0,3582.0,7529.0,3132.0,3947.0
541,Montenegro,2015,6329.0,314531.0,3120.0,3518.0,7386.0,3209.0,3868.0
542,Montenegro,2016,6464.0,314560.0,3079.0,3719.0,7569.0,3385.0,3850.0
543,Montenegro,2017,6523.0,314627.0,3088.0,3559.0,7432.0,3435.0,3873.0
544,Montenegro,2018,6504.0,314544.0,3151.0,3493.0,7264.0,3353.0,3771.0
545,Montenegro,2019,6595.0,314394.0,3109.0,3446.0,7223.0,3486.0,3777.0
546,Montenegro,2020,7293.0,314097.0,3377.0,3423.0,7097.0,3916.0,3674.0
547,Montenegro,2021,9152.0,313192.0,4261.0,3385.0,7033.0,4891.0,3648.0
548,Montenegro,2022,7068.0,,,,7021.0,,
549,Netherlands,2001,140377.0,8105269.0,72058.0,98800.0,202603.0,68319.0,103800.0
550,Netherlands,2002,142355.0,8155210.0,73357.0,98300.0,202083.0,68998.0,103700.0
551,Netherlands,2003,141936.0,8194610.0,72924.0,97400.0,200297.0,69012.0,102900.0
552,Netherlands,2004,136553.0,8225833.0,70194.0,94777.0,194007.0,66359.0,99230.0
553,Netherlands,2005,136402.0,8248175.0,70040.0,91572.0,187910.0,66362.0,96338.0
554,Netherlands,2006,135372.0,8263141.0,70078.0,90078.0,185057.0,65294.0,94979.0
555,Netherlands,2007,133022.0,8281402.0,68225.0,88776.0,181336.0,64797.0,92560.0
556,Netherlands,2008,135136.0,8311359.0,70234.0,89796.0,184634.0,64902.0,94838.0
557,Netherlands,2009,134235.0,8350452.0,68870.0,90296.0,184915.0,65365.0,94619.0
558,Netherlands,2010,136058.0,8391915.0,70081.0,90268.0,184397.0,65977.0,94129.0
559,Netherlands,2011,135741.0,8429897.0,70482.0,87707.0,180060.0,65259.0,92353.0
560,Netherlands,2012,140813.0,8459857.0,72906.0,85779.0,175959.0,67907.0,90180.0
561,Netherlands,2013,141245.0,8483570.0,72885.0,83384.0,171341.0,68360.0,87957.0
562,Netherlands,2014,139223.0,8511386.0,72102.0,85671.0,175181.0,67121.0,89510.0
563,Netherlands,2015,147134.0,8544927.0,76105.0,83083.0,170510.0,71029.0,87427.0
564,Netherlands,2016,148997.0,8584195.0,76817.0,83933.0,172520.0,72180.0,88587.0
565,Netherlands,2017,150214.0,8630224.0,77553.0,82677.0,169836.0,72661.0,87159.0
566,Netherlands,2018,153363.0,8677560.0,78841.0,82321.0,168525.0,74522.0,86204.0
567,Netherlands,2019,151885.0,8730316.0,77453.0,82787.0,169680.0,74432.0,86893.0
568,Netherlands,2020,168678.0,8774217.0,84361.0,82184.0,168681.0,84317.0,86497.0
569,Netherlands,2021,170972.0,8817042.0,85203.0,87624.0,179441.0,85769.0,91817.0
570,Netherlands,2022,170112.0,,,,167504.0,,
571,North Macedonia,2001,16919.0,1016955.0,7606.0,,27010.0,9313.0,
572,North Macedonia,2002,17962.0,1013401.0,8071.0,13400.0,27761.0,9891.0,14300.0
573,North Macedonia,2003,18006.0,1009499.0,8174.0,13100.0,27011.0,9832.0,13900.0
574,North Macedonia,2004,17944.0,1012642.0,8294.0,11198.0,23361.0,9650.0,12163.0
575,North Macedonia,2005,18406.0,1015084.0,8588.0,11031.0,22482.0,9818.0,11451.0
576,North Macedonia,2006,18630.0,1017159.0,8630.0,10956.0,22585.0,10000.0,11629.0
577,North Macedonia,2007,19594.0,1019070.0,9250.0,10916.0,22688.0,10344.0,11772.0
578,North Macedonia,2008,18982.0,1020877.0,9010.0,11119.0,22945.0,9972.0,11826.0
579,North Macedonia,2009,19060.0,1022861.0,9020.0,11344.0,23684.0,10040.0,12340.0
580,North Macedonia,2010,19113.0,1025156.0,8945.0,11665.0,24296.0,10168.0,12631.0
581,North Macedonia,2011,19465.0,1027136.0,9261.0,11018.0,22770.0,10204.0,11752.0
582,North Macedonia,2012,20134.0,1028512.0,9611.0,11325.0,23568.0,10523.0,12243.0
583,North Macedonia,2013,19208.0,1030042.0,9072.0,11045.0,23138.0,10136.0,12093.0
584,North Macedonia,2014,19718.0,1031791.0,9508.0,11424.0,23596.0,10210.0,12172.0
585,North Macedonia,2015,20461.0,1033166.0,9899.0,11116.0,23075.0,10562.0,11959.0
586,North Macedonia,2016,20417.0,1034383.0,9673.0,11134.0,23002.0,10744.0,11868.0
587,North Macedonia,2017,20318.0,1035554.0,9764.0,10594.0,21754.0,10554.0,11160.0
588,North Macedonia,2018,19727.0,1036475.0,9388.0,10160.0,21333.0,10339.0,11173.0
589,North Macedonia,2019,20446.0,1036736.0,9830.0,9569.0,19845.0,10616.0,10276.0
590,North Macedonia,2020,25723.0,1035065.0,11828.0,9235.0,19031.0,13895.0,9796.0
591,North Macedonia,2021,28516.0,979845.0,13361.0,9117.0,18648.0,15155.0,9531.0
592,North Macedonia,2022,22459.0,,,,18073.0,,
593,Norway,2001,43981.0,2277134.0,22351.0,27700.0,56696.0,21630.0,29000.0
594,Norway,2002,44465.0,2289139.0,22822.0,27100.0,55434.0,21643.0,28300.0
595,Norway,2003,42478.0,2302277.0,21913.0,27400.0,56458.0,20565.0,29000.0
596,Norway,2004,41200.0,2315351.0,21209.0,27759.0,56951.0,19991.0,29192.0
597,Norway,2005,41232.0,2330266.0,21119.0,27703.0,56756.0,20113.0,29053.0
598,Norway,2006,41253.0,2346792.0,21625.0,28556.0,58545.0,19628.0,29989.0
599,Norway,2007,41954.0,2366414.0,21738.0,28455.0,58459.0,20216.0,30004.0
600,Norway,2008,41712.0,2390840.0,21390.0,29361.0,60497.0,20322.0,31136.0
601,Norway,2009,41449.0,2417823.0,21537.0,29974.0,61807.0,19912.0,31833.0
602,Norway,2010,41499.0,2445452.0,21472.0,29981.0,61442.0,20027.0,31461.0
603,Norway,2011,41393.0,2473228.0,21324.0,29214.0,60220.0,20069.0,31006.0
604,Norway,2012,41992.0,2501183.0,21920.0,29322.0,60255.0,20072.0,30933.0
605,Norway,2013,41131.0,2528165.0,21238.0,28794.0,58878.0,19893.0,30084.0
606,Norway,2014,40369.0,2554127.0,20676.0,28653.0,58976.0,19693.0,30323.0
607,Norway,2015,40676.0,2577194.0,20976.0,28573.0,58815.0,19700.0,30242.0
608,Norway,2016,40726.0,2598142.0,21043.0,28504.0,58890.0,19683.0,30386.0
609,Norway,2017,40774.0,2618218.0,21125.0,27460.0,56633.0,19649.0,29173.0
610,Norway,2018,40840.0,2635194.0,20970.0,26690.0,55120.0,19870.0,28430.0
611,Norway,2019,40684.0,2652079.0,20705.0,26453.0,54495.0,19979.0,28042.0
612,Norway,2020,40611.0,2666564.0,20568.0,25916.0,52979.0,20043.0,27063.0
613,Norway,2021,42002.0,2680024.0,21424.0,27376.0,56060.0,20578.0,28684.0
614,Norway,2022,45774.0,,,,51480.0,,
615,Poland,2001,363220.0,19716825.0,170269.0,178700.0,368205.0,192951.0,189500.0
616,Poland,2002,359486.0,19714408.0,167818.0,171600.0,353765.0,191668.0,182100.0
617,Poland,2003,365230.0,19707980.0,171311.0,170400.0,351072.0,193919.0,180600.0
618,Poland,2004,363522.0,19703880.0,168839.0,172709.0,356131.0,194683.0,183422.0
619,Poland,2005,368285.0,19703391.0,171509.0,176998.0,364383.0,196776.0,187385.0
620,Poland,2006,369686.0,19700952.0,171387.0,181726.0,374244.0,198299.0,192518.0
621,Poland,2007,377226.0,19701422.0,174985.0,188535.0,387873.0,202241.0,199338.0
622,Poland,2008,379399.0,19712545.0,177056.0,201553.0,414499.0,202343.0,212946.0
623,Poland,2009,384940.0,19729769.0,181114.0,202681.0,417589.0,203826.0,214908.0
624,Poland,2010,378478.0,19621825.0,178645.0,198872.0,413300.0,199833.0,214428.0
625,Poland,2011,375501.0,19634757.0,177323.0,188495.0,388416.0,198178.0,199921.0
626,Poland,2012,384788.0,19636469.0,182694.0,187561.0,386257.0,202094.0,198696.0
627,Poland,2013,387312.0,19625167.0,185616.0,179659.0,369576.0,201696.0,189917.0
628,Poland,2014,376467.0,19611172.0,180676.0,182069.0,375160.0,195791.0,193091.0
629,Poland,2015,394921.0,19599310.0,190452.0,179631.0,369308.0,204469.0,189677.0
630,Poland,2016,388009.0,19592648.0,185859.0,186036.0,382257.0,202150.0,196221.0
631,Poland,2017,402852.0,19595758.0,195181.0,195572.0,401982.0,207671.0,206410.0
632,Poland,2018,414200.0,19594412.0,200553.0,188358.0,388178.0,213647.0,199820.0
633,Poland,2019,409709.0,19588597.0,198286.0,182269.0,374954.0,211423.0,192685.0
634,Poland,2020,477355.0,19558635.0,227611.0,173009.0,355309.0,249744.0,182300.0
635,Poland,2021,519517.0,19488234.0,250859.0,161375.0,331511.0,268658.0,170136.0
636,Poland,2022,448448.0,,,,305132.0,,
637,Portugal,2001,105092.0,5359806.0,50254.0,54409.0,112774.0,54838.0,58365.0
638,Portugal,2002,106258.0,5391274.0,50881.0,55080.0,114383.0,55377.0,59303.0
639,Portugal,2003,108795.0,5416487.0,52829.0,54305.0,112515.0,55966.0,58210.0
640,Portugal,2004,102012.0,5433336.0,48810.0,53086.0,109298.0,53202.0,56212.0
641,Portugal,2005,107464.0,5447063.0,51971.0,52787.0,109399.0,55493.0,56612.0
642,Portugal,2006,101990.0,5460684.0,48519.0,51392.0,105449.0,53471.0,54057.0
643,Portugal,2007,103512.0,5475893.0,50133.0,49809.0,102492.0,53379.0,52683.0
644,Portugal,2008,104280.0,5490184.0,50698.0,50618.0,104594.0,53582.0,53976.0
645,Portugal,2009,104434.0,5503255.0,51124.0,48618.0,99491.0,53310.0,50873.0
646,Portugal,2010,105953.0,5514456.0,51734.0,49846.0,101381.0,54219.0,51535.0
647,Portugal,2011,102845.0,5515570.0,50301.0,47167.0,96855.0,52544.0,49688.0
648,Portugal,2012,107612.0,5501777.0,53139.0,43680.0,89841.0,54473.0,46161.0
649,Portugal,2013,106554.0,5480437.0,52369.0,40567.0,82787.0,54185.0,42220.0
650,Portugal,2014,104843.0,5460219.0,51610.0,39940.0,82367.0,53233.0,42427.0
651,Portugal,2015,108539.0,5445489.0,54364.0,41815.0,85500.0,54175.0,43685.0
652,Portugal,2016,110573.0,5433469.0,54947.0,42337.0,87126.0,55626.0,44789.0
653,Portugal,2017,109758.0,5425226.0,54670.0,42082.0,86154.0,55088.0,44072.0
654,Portugal,2018,113051.0,5423793.0,56322.0,42711.0,87020.0,56729.0,44309.0
655,Portugal,2019,111793.0,5430092.0,55969.0,42040.0,86579.0,55824.0,44539.0
656,Portugal,2020,123396.0,5437718.0,62001.0,41079.0,84530.0,61395.0,43451.0
657,Portugal,2021,124802.0,5433037.0,62108.0,38820.0,79582.0,62694.0,40762.0
658,Portugal,2022,124311.0,,,,83671.0,,
659,Romania,2001,259603.0,11318195.0,120054.0,106800.0,220368.0,139549.0,113600.0
660,Romania,2002,269666.0,11128950.0,125186.0,102200.0,210529.0,144480.0,108300.0
661,Romania,2003,266575.0,11062449.0,123865.0,103000.0,212459.0,142710.0,109500.0
662,Romania,2004,258890.0,11000752.0,120450.0,104702.0,216261.0,138440.0,111559.0
663,Romania,2005,262101.0,10935196.0,123640.0,107136.0,221020.0,138461.0,113884.0
664,Romania,2006,258094.0,10872845.0,121830.0,106704.0,219483.0,136264.0,112779.0
665,Romania,2007,251965.0,10713387.0,118560.0,104269.0,214728.0,133405.0,110459.0
666,Romania,2008,253202.0,10537342.0,117792.0,107563.0,221900.0,135410.0,114337.0
667,Romania,2009,257213.0,10451346.0,119663.0,107966.0,222388.0,137550.0,114422.0
668,Romania,2010,259723.0,10390192.0,121766.0,103142.0,212199.0,137957.0,109057.0
669,Romania,2011,251439.0,10342500.0,119259.0,95257.0,196242.0,132180.0,100985.0
670,Romania,2012,255539.0,10288742.0,122032.0,97750.0,201104.0,133507.0,103354.0
671,Romania,2013,247475.0,10229927.0,118266.0,91378.0,188599.0,129209.0,97221.0
672,Romania,2014,254965.0,10182416.0,121768.0,96572.0,198740.0,133197.0,102168.0
673,Romania,2015,262442.0,10137213.0,125830.0,97802.0,201995.0,136612.0,104193.0
674,Romania,2016,258404.0,10076361.0,123153.0,100151.0,205773.0,135251.0,105622.0
675,Romania,2017,262321.0,10010242.0,125596.0,102444.0,210590.0,136725.0,108146.0
676,Romania,2018,264963.0,9946311.0,126100.0,98739.0,210290.0,138863.0,104005.0
677,Romania,2019,259889.0,9891093.0,123644.0,97319.0,199720.0,136245.0,102401.0
678,Romania,2020,298258.0,9841125.0,139229.0,95962.0,198302.0,159029.0,102340.0
679,Romania,2021,335527.0,9808358.0,160629.0,93897.0,193191.0,174898.0,99294.0
680,Romania,2022,271989.0,,,,183630.0,,
681,Serbia,2001,99008.0,3854900.0,47948.0,38003.0,78435.0,51060.0,40432.0
682,Serbia,2002,102785.0,3851367.0,50079.0,37885.0,78101.0,52706.0,40216.0
683,Serbia,2003,103946.0,3842808.0,50842.0,38221.0,79025.0,53104.0,40804.0
684,Serbia,2004,104320.0,3833964.0,50927.0,37842.0,78186.0,53393.0,40344.0
685,Serbia,2005,106771.0,3822730.0,52435.0,35022.0,72180.0,54336.0,37158.0
686,Serbia,2006,102884.0,3807870.0,50559.0,34398.0,70997.0,52325.0,36599.0
687,Serbia,2007,102805.0,3792613.0,50548.0,,68102.0,52257.0,
688,Serbia,2008,102711.0,3776411.0,50954.0,33275.0,69083.0,51757.0,35808.0
689,Serbia,2009,104000.0,3760753.0,51623.0,33849.0,70299.0,52377.0,36450.0
690,Serbia,2010,103211.0,3745069.0,51221.0,33323.0,68304.0,51990.0,34981.0
691,Serbia,2011,102935.0,3711427.0,50821.0,31665.0,65598.0,52114.0,33933.0
692,Serbia,2012,102400.0,3693363.0,50491.0,32726.0,67257.0,51909.0,34531.0
693,Serbia,2013,100300.0,3675697.0,49390.0,31844.0,65554.0,50910.0,33710.0
694,Serbia,2014,101247.0,3658445.0,50237.0,32132.0,66461.0,51010.0,34329.0
695,Serbia,2015,103678.0,3640054.0,51533.0,31653.0,65657.0,52145.0,34004.0
696,Serbia,2016,100834.0,3620680.0,50126.0,31257.0,64734.0,50708.0,33477.0
697,Serbia,2017,103722.0,3601049.0,51966.0,31573.0,64894.0,51756.0,33321.0
698,Serbia,2018,101655.0,3580903.0,50665.0,30767.0,63975.0,50990.0,33208.0
699,Serbia,2019,101458.0,3561510.0,50149.0,31262.0,64399.0,51309.0,33137.0
700,Serbia,2020,116850.0,3538821.0,56400.0,29909.0,61692.0,60450.0,31783.0
701,Serbia,2021,136622.0,3507323.0,66714.0,30209.0,62180.0,69908.0,31971.0
702,Serbia,2022,109203.0,,,,62700.0,,
703,Slovakia,2001,51980.0,2766651.0,24275.0,24700.0,51136.0,27705.0,26400.0
704,Slovakia,2002,51532.0,2766075.0,24117.0,24800.0,50841.0,27415.0,26000.0
705,Slovakia,2003,52230.0,2764432.0,24528.0,25200.0,51713.0,27702.0,26500.0
706,Slovakia,2004,51852.0,2763703.0,24548.0,26101.0,53747.0,27304.0,27646.0
707,Slovakia,2005,53475.0,2763367.0,25324.0,26451.0,54430.0,28151.0,27979.0
708,Slovakia,2006,53301.0,2762799.0,25210.0,26222.0,53904.0,28091.0,27682.0
709,Slovakia,2007,53856.0,2762451.0,25630.0,26521.0,54424.0,28226.0,27903.0
710,Slovakia,2008,53164.0,2763220.0,25170.0,28006.0,57360.0,27994.0,29354.0
711,Slovakia,2009,52913.0,2765464.0,25467.0,29654.0,61217.0,27446.0,31563.0
712,Slovakia,2010,53445.0,2767069.0,25800.0,29866.0,60410.0,27645.0,30544.0
713,Slovakia,2011,51903.0,2769922.0,25106.0,29699.0,60813.0,26797.0,31114.0
714,Slovakia,2012,52437.0,2773714.0,25553.0,26864.0,55535.0,26884.0,28671.0
715,Slovakia,2013,52089.0,2775873.0,25223.0,26755.0,54823.0,26866.0,28068.0
716,Slovakia,2014,51346.0,2777955.0,24847.0,26933.0,55033.0,26499.0,28100.0
717,Slovakia,2015,53826.0,2779596.0,26364.0,26934.0,55602.0,27462.0,28668.0
718,Slovakia,2016,52351.0,2781915.0,25587.0,28078.0,57557.0,26764.0,29479.0
719,Slovakia,2017,53914.0,2785133.0,26425.0,28196.0,57969.0,27489.0,29773.0
720,Slovakia,2018,54293.0,2787975.0,26516.0,27965.0,57639.0,27777.0,29674.0
721,Slovakia,2019,53234.0,2790934.0,25829.0,27911.0,57054.0,27405.0,29143.0
722,Slovakia,2020,59089.0,2792909.0,28661.0,27722.0,56650.0,30428.0,28928.0
723,Slovakia,2021,73461.0,2785052.0,35563.0,27804.0,56565.0,37898.0,28761.0
724,Slovakia,2022,59583.0,,,,52668.0,,
725,Slovenia,2001,18508.0,1018188.0,8854.0,8400.0,17477.0,9654.0,9100.0
726,Slovenia,2002,18701.0,1019235.0,9005.0,8500.0,17501.0,9696.0,9000.0
727,Slovenia,2003,19451.0,1019539.0,9377.0,8400.0,17321.0,10074.0,8900.0
728,Slovenia,2004,18523.0,1020085.0,9044.0,8860.0,17961.0,9479.0,9101.0
729,Slovenia,2005,18825.0,1021216.0,9412.0,8802.0,18157.0,9413.0,9355.0
730,Slovenia,2006,18180.0,1022644.0,8910.0,9170.0,18932.0,9270.0,9762.0
731,Slovenia,2007,18584.0,1024319.0,9111.0,9671.0,19823.0,9473.0,10152.0
732,Slovenia,2008,18308.0,1026077.0,9134.0,10691.0,21817.0,9174.0,11126.0
733,Slovenia,2009,18750.0,1030643.0,9457.0,10547.0,21856.0,9293.0,11309.0
734,Slovenia,2010,18609.0,1034248.0,9317.0,10839.0,22343.0,9292.0,11504.0
735,Slovenia,2011,18699.0,1037196.0,9464.0,10699.0,21947.0,9235.0,11248.0
736,Slovenia,2012,19257.0,1039263.0,9845.0,10619.0,21938.0,9412.0,11319.0
737,Slovenia,2013,19334.0,1039986.0,9779.0,10307.0,21111.0,9555.0,10804.0
738,Slovenia,2014,18886.0,1040428.0,9678.0,10237.0,21165.0,9208.0,10928.0
739,Slovenia,2015,19834.0,1040750.0,10095.0,10035.0,20641.0,9739.0,10606.0
740,Slovenia,2016,19689.0,1040813.0,10016.0,9979.0,20345.0,9673.0,10366.0
741,Slovenia,2017,20509.0,1040305.0,10373.0,9758.0,20241.0,10136.0,10483.0
742,Slovenia,2018,20485.0,1041046.0,10372.0,9428.0,19585.0,10113.0,10157.0
743,Slovenia,2019,20588.0,1043524.0,10476.0,9351.0,19328.0,10112.0,9977.0
744,Slovenia,2020,24016.0,1046917.0,12283.0,9074.0,18767.0,11733.0,9693.0
745,Slovenia,2021,23261.0,1049262.0,11420.0,9162.0,18984.0,11841.0,9822.0
746,Slovenia,2022,22492.0,,,,17627.0,,
747,Spain,2001,357580.0,20830704.0,169675.0,197087.0,405313.0,187905.0,208226.0
748,Spain,2002,366046.0,21102563.0,174536.0,202310.0,417688.0,191510.0,215378.0
749,Spain,2003,382455.0,21454123.0,184209.0,213622.0,440531.0,198246.0,226909.0
750,Spain,2004,369564.0,21791963.0,176299.0,219018.0,453172.0,193265.0,234154.0
751,Spain,2005,385056.0,22125852.0,184894.0,225424.0,464811.0,200162.0,239387.0
752,Spain,2006,369391.0,22478172.0,176678.0,232980.0,481295.0,192713.0,248315.0
753,Spain,2007,383249.0,22871573.0,183597.0,237975.0,491138.0,199652.0,253163.0
754,Spain,2008,384198.0,23218098.0,186083.0,250823.0,518503.0,198115.0,267680.0
755,Spain,2009,383209.0,23431543.0,185308.0,238446.0,493717.0,197901.0,255271.0
756,Spain,2010,380234.0,23561021.0,183402.0,235207.0,485252.0,196832.0,250045.0
757,Spain,2011,386017.0,23668451.0,187489.0,227997.0,470553.0,198528.0,242556.0
758,Spain,2012,401122.0,23714669.0,196472.0,219660.0,453348.0,204650.0,233688.0
759,Spain,2013,388600.0,23672434.0,190047.0,206065.0,424440.0,198553.0,218375.0
760,Spain,2014,393734.0,23628879.0,193620.0,206042.0,426076.0,200114.0,220034.0
761,Spain,2015,420408.0,23627827.0,208561.0,202929.0,418432.0,211847.0,215503.0
762,Spain,2016,408231.0,23663031.0,200885.0,198643.0,408734.0,207346.0,210091.0
763,Spain,2017,422037.0,23734996.0,209511.0,189823.0,391265.0,212526.0,201442.0
764,Spain,2018,425153.0,23852183.0,210482.0,180243.0,370827.0,214671.0,190584.0
765,Spain,2019,416102.0,24030551.0,205209.0,174229.0,358747.0,210893.0,184518.0
766,Spain,2020,492447.0,24152357.0,243715.0,166130.0,340635.0,248732.0,174505.0
767,Spain,2021,449149.0,24183577.0,218872.0,162956.0,336823.0,230277.0,173867.0
768,Spain,2022,462734.0,,,,329892.0,,
769,Sweden,2001,93752.0,4495361.0,48321.0,44300.0,91466.0,45431.0,47100.0
770,Sweden,2002,95009.0,4507182.0,49229.0,46600.0,95815.0,45780.0,49200.0
771,Sweden,2003,92961.0,4521348.0,47623.0,48000.0,99157.0,45338.0,51100.0
772,Sweden,2004,90532.0,4537048.0,46618.0,48953.0,100928.0,43914.0,51975.0
773,Sweden,2005,91710.0,4553142.0,46922.0,49310.0,101346.0,44788.0,52036.0
774,Sweden,2006,91177.0,4575468.0,47000.0,51430.0,105913.0,44177.0,54483.0
775,Sweden,2007,91729.0,4604370.0,47759.0,52162.0,107421.0,43970.0,55259.0
776,Sweden,2008,91449.0,4635822.0,47389.0,52949.0,109301.0,44060.0,56352.0
777,Sweden,2009,90080.0,4672153.0,46388.0,54237.0,111801.0,43692.0,57564.0
778,Sweden,2010,90487.0,4708497.0,46587.0,56256.0,115641.0,43900.0,59385.0
779,Sweden,2011,89938.0,4740674.0,46344.0,54565.0,111770.0,43594.0,57205.0
780,Sweden,2012,91938.0,4773005.0,47653.0,55006.0,113177.0,44285.0,58171.0
781,Sweden,2013,90402.0,4810248.0,46742.0,55121.0,113593.0,43660.0,58472.0
782,Sweden,2014,88976.0,4852811.0,45594.0,55809.0,114907.0,43382.0,59098.0
783,Sweden,2015,90907.0,4897583.0,46422.0,55368.0,114870.0,44485.0,59502.0
784,Sweden,2016,90982.0,4950929.0,46561.0,57226.0,117425.0,44421.0,60199.0
785,Sweden,2017,91972.0,5009693.0,47116.0,56160.0,115416.0,44856.0,59256.0
786,Sweden,2018,92185.0,5062664.0,46769.0,56298.0,115832.0,45416.0,59534.0
787,Sweden,2019,88766.0,5109761.0,44740.0,55521.0,114523.0,44026.0,59002.0
788,Sweden,2020,98124.0,5144112.0,48743.0,54822.0,113077.0,49381.0,58255.0
789,Sweden,2021,91958.0,5174034.0,45474.0,55778.0,114263.0,46484.0,58485.0
790,Sweden,2022,94737.0,,,,104734.0,,
791,Switzerland,2001,61228.0,3697831.0,31353.0,,72295.0,29875.0,
792,Switzerland,2002,61768.0,3725064.0,32039.0,35100.0,72372.0,29729.0,37300.0
793,Switzerland,2003,63070.0,3750717.0,32785.0,34900.0,71848.0,30285.0,36900.0
794,Switzerland,2004,60180.0,3774508.0,31193.0,35742.0,73082.0,28987.0,37340.0
795,Switzerland,2005,61124.0,3796516.0,31419.0,35334.0,72903.0,29705.0,37569.0
796,Switzerland,2006,60283.0,3818003.0,31063.0,35605.0,73371.0,29220.0,37766.0
797,Switzerland,2007,61089.0,3847930.0,31556.0,36310.0,74494.0,29533.0,38184.0
798,Switzerland,2008,61233.0,3890831.0,31770.0,37142.0,76691.0,29463.0,39549.0
799,Switzerland,2009,62476.0,3935211.0,32448.0,37879.0,78286.0,30028.0,40407.0
800,Switzerland,2010,62649.0,3973882.0,32366.0,39179.0,80290.0,30283.0,41111.0
801,Switzerland,2011,62091.0,4012559.0,31997.0,39182.0,80808.0,30094.0,41626.0
802,Switzerland,2012,64173.0,4051473.0,33476.0,39729.0,82164.0,30697.0,42435.0
803,Switzerland,2013,64961.0,4094038.0,33704.0,40136.0,82731.0,31257.0,42595.0
804,Switzerland,2014,63938.0,4140663.0,32988.0,41437.0,85287.0,30950.0,43850.0
805,Switzerland,2015,67606.0,4184721.0,34960.0,41910.0,86559.0,32646.0,44649.0
806,Switzerland,2016,64964.0,4225884.0,33681.0,42951.0,87883.0,31283.0,44932.0
807,Switzerland,2017,66971.0,4261905.0,34565.0,42508.0,87381.0,32406.0,44873.0
808,Switzerland,2018,67088.0,4292551.0,34692.0,42838.0,87851.0,32396.0,45013.0
809,Switzerland,2019,67780.0,4322288.0,35025.0,42049.0,86172.0,32755.0,44123.0
810,Switzerland,2020,76195.0,4352436.0,38570.0,41615.0,85914.0,37625.0,44299.0
811,Switzerland,2021,71192.0,4384145.0,36085.0,43716.0,89644.0,35107.0,45928.0
812,Switzerland,2022,74425.0,,,,82371.0,,
813,UK,2001,602268.0,30287648.0,315511.0,326400.0,669123.0,286757.0,342700.0
814,UK,2002,606214.0,30394595.0,318380.0,325600.0,668777.0,287834.0,343200.0
815,UK,2003,611185.0,30517366.0,322583.0,339000.0,695549.0,288602.0,356600.0
816,UK,2004,583082.0,30672726.0,305242.0,348410.0,715996.0,277840.0,367586.0
817,UK,2005,582663.0,30865972.0,305860.0,352525.0,722549.0,276803.0,370024.0
818,UK,2006,572224.0,31073714.0,298023.0,365651.0,748563.0,274201.0,382912.0
819,UK,2007,574687.0,31292872.0,299797.0,375547.0,772245.0,274890.0,396698.0
820,UK,2008,579697.0,31516559.0,302952.0,387646.0,794383.0,276745.0,406737.0
821,UK,2009,559617.0,31733524.0,288813.0,385105.0,790204.0,270804.0,405099.0
822,UK,2010,561666.0,31956135.0,290721.0,393516.0,807271.0,270945.0,413755.0
823,UK,2011,552232.0,32179945.0,284741.0,393866.0,807776.0,267491.0,413910.0
824,UK,2012,569024.0,32385034.0,295677.0,395912.0,812970.0,273347.0,417058.0
825,UK,2013,574945.0,32584519.0,296683.0,379000.0,778358.0,278262.0,399358.0
826,UK,2014,568840.0,32803555.0,291321.0,377763.0,775908.0,277519.0,398145.0
827,UK,2015,601272.0,33036139.0,309497.0,377986.0,776746.0,291775.0,398760.0
828,UK,2016,595655.0,33258694.0,303583.0,376905.0,774386.0,292072.0,397481.0
829,UK,2017,605748.0,33464012.0,307749.0,367724.0,754754.0,297999.0,387030.0
830,UK,2018,614313.0,33654848.0,310975.0,,730918.0,303338.0,
831,UK,2019,604621.0,,,,712699.0,,
832,Ukraine,2001,745952.0,26028896.0,,,376478.0,,
833,Ukraine,2002,754911.0,25817580.0,,,390688.0,,
834,Ukraine,2003,765408.0,25612922.0,,,408589.0,,
835,Ukraine,2004,761261.0,25430870.0,369891.0,207335.0,427259.0,391370.0,219924.0
836,Ukraine,2005,781961.0,25260486.0,378521.0,206470.0,426086.0,403440.0,219616.0
837,Ukraine,2006,758092.0,25102757.0,371103.0,224097.0,460368.0,386989.0,236271.0
838,Ukraine,2007,762877.0,24962821.0,369602.0,229416.0,472657.0,393275.0,243241.0
839,Ukraine,2008,754460.0,24836529.0,367996.0,247001.0,510589.0,386464.0,263588.0
840,Ukraine,2009,706739.0,24726976.0,355344.0,247681.0,512525.0,351395.0,264844.0
841,Ukraine,2010,698235.0,24620544.0,356986.0,240854.0,497689.0,341249.0,256835.0
842,Ukraine,2011,664588.0,24521067.0,339106.0,243162.0,502595.0,325482.0,259433.0
843,Ukraine,2012,663139.0,24443259.0,337555.0,251957.0,520705.0,325584.0,268748.0
844,Ukraine,2013,662368.0,24368777.0,337671.0,243919.0,503657.0,324697.0,259738.0
845,Ukraine,2014,632296.0,,321625.0,225839.0,465882.0,310671.0,240043.0
846,Ukraine,2015,594796.0,22922417.0,303235.0,198935.0,411781.0,291561.0,212846.0
847,Ukraine,2016,583631.0,22821662.0,297735.0,191843.0,397037.0,285896.0,205194.0
848,Ukraine,2017,574123.0,22714456.0,292339.0,176459.0,363987.0,281784.0,187528.0
849,Ukraine,2018,587665.0,22593439.0,297132.0,162457.0,335874.0,290533.0,173417.0
850,Ukraine,2019,581114.0,22458816.0,293601.0,149025.0,308817.0,287513.0,159792.0
851,Ukraine,2020,616835.0,22306340.0,311080.0,141889.0,293457.0,305755.0,151568.0
852,Ukraine,2021,714263.0,22107030.0,0.0,131786.0,271983.0,0.0,140197.0
